Workbook

Sheet 1o
A1: No | B1: Dirección de correo electrónico | C1: CURSO | D1: PARALELO | E1: Apellidos del Estudiante | F1: Nombres del Estudiante | G1: M | H1: F | I1: Número de Cédula del Estudiante | J1: Fecha de Nacimiento del estudiante | K1: Edad | L1: Apellidos del Representante del Estudiante | M1: Nombres del Representante del Estudiante | N1: Número de cédula del Representante | O1: Dirección | P1: Número telefónico convencional | Q1: Número telefónico celular 1 | R1: Número telefónico celular 1 pertenece a | S1: Número Telefónico celular 2 | T1: Número Telefónico celular 2 a quien pertenece | U1: Número Telefónico celular 3 | V1: Número Telefónico Celular 3 a quien pertenece | W1: Institución que estudia su formación regular | X1: Año de Estudio en su formación Regular | Y1: ¿Existe alguna alergia/enfermedad/ condición del estudiante que la institución debe tener en cuenta durante clases? | Z1: Indique si su representado tiene alguna Necesidad Educativa no asociada a una discapacidad | AA1: Si respondió SI Indique cual es la necesidad educativa
A2: 1 | B2: anysther2010@gmail.com | C2: 1o | D2: C (vespertino) | E2: Ashqui Aldas | F2: Elian Jared | G2: 1 | I2: 1851463610 | J2: 43326 | K2: 6 | L2: Ashqui Aldas | M2: Segundo Elias | N2: 0999287487 | O2: Miñarica II | P2: 032412153 | Q2: 0998727178 | R2: Madre del estudiante | S2: 0998490758 | U2: 0999886954 | V2: Otro familiar | W2: Unidad Educativa Bolivar | X2: 3o EGB | Z2: NO
A3: 2 | B3: elyces9mariela@hotmail.com | C3: 1o | D3: A (matutino) | E3: Aguinda Cevallos | F3: Eliana Saraí | H3: 1 | I3: 1851467108 | J3: 43339 | K3: 6 | L3: Cevallos Torres | M3: Elisa Mariela | N3: 1718749078 | O3: Alberto Rosero y Destacamento Patuca | P3: 032510303 | Q3: 0984890107 | R3: Madre del estudiante | S3: 0999086266 | T3: otro familiar | U3: 0999899151 | V3: Otro familiar | W3: Unidad Educativa Pedro Fermín Cevallos | X3: 3o EGB | Z3: NO
A4: 3 | B4: thaliapoaquiza3@gmail.com | C4: 1o | D4: A (matutino) | E4: Azogue Poaquiza | F4: Bayoleth Samantha | H4: 1 | I4: 1851324424 | J4: 42797 | K4: 8 | L4: Poaquiza Córdova | M4: Thalia Elizabeth | N4: Edad | O4: Bernardino Echeverría | Q4: 0962792383 | R4: Madre del estudiante | S4: 0986772950 | T4: otro familiar | W4: Unidad Educativa Mario Cobo Barona | X4: 3o EGB | Z4: NO
A5: 4 | B5: jaz-akire05@hotmail.com | C5: 1o | D5: A (matutino) | E5: Chamorro Martinez | F5: Dominick David | G5: 1 | I5: 1851402352 | J5: 43086 | K5: 7 | L5: Martinez Lema | M5: Erika Jazmina | N5: 1804898086 | O5: Huachi San Francisco | Q5: 0984226357 | R5: Madre del estudiante | S5: +593 98 359 1409 | T5: Padre | U5: +593 98 764 0971 | V5: Otro familiar | W5: Unidad Educativa Francisco Flor | X5: 4o EGB | Z5: NO
A6: 5 | B6: angie.villacres.v@gmail.com | C6: 1o | D6: A (matutino) | E6: León Villacrés | F6: Emma Joy | G6: 1 | I6: 1851545085 | J6: 43648 | K6: 6 | L6: Villacres Vicuña | M6: Angélica Eulalia | N6: 1804200416 | O6: Patate. Av. Ambato y calle C. | Q6: 0997643140 | R6: Madre del estudiante | S6: 0998045276 | T6: Padre | U6: 0994477971 | V6: Otro familiar | W6: Home Life Academy | X6: 2o EGB | Z6: NO
A7: 6 | B7: lorenamarybel@outlook.com | C7: 1o | D7: A (matutino) | E7: Mongón Choez | F7: Darla Valentina | H7: 1 | I7: 1851357812 | J7: 42922 | K7: 8 | L7: Choez Coloma | M7: Lorena Maribel | N7: 1804882361 | O7: Techo Propio | P7: 032867328 | Q7: 0958795732 | R7: Madre del estudiante | S7: 0980902469 | T7: Padre | U7: 0987148975 | V7: Otro familiar | W7: Unidad Educativa Ambato | X7: 4o EGB | Z7: NO
A8: 7 | B8: itsbolivar.1520@gmail.com | C8: 1o | D8: A (matutino) | E8: Real Silva | F8: Celeste Aylin | H8: 1 | I8: 1851409209 | J8: 43113 | K8: 7 | L8: Real Real | M8: Fermin Orlando | N8: 1804471215 | O8: Parroquia atahualpa calles destancamiento tiwinza a media cuadra del Cementerio | P8: 2527017 | Q8: 0995576548 | R8: Padre del estudiante | S8: 0998518409 | T8: Madre | W8: Unidad Educativa Ambato | X8: 2o EGB | Z8: NO
A9: 8 | B9: aidapomaquero@gmail.com | C9: 1o | D9: A (matutino) | E9: Sagñay Pomaquero | F9: Elian Mathias | G9: 1 | I9: 1851420800 | J9: 43157 | K9: 7 | L9: Pomaquero Pinda | M9: Aida Jaqueline | N9: 1803338035 | O9: Barrio Luz de América | P9: 0987761771 | Q9: 997569662 | R9: Madre del estudiante | S9: 0987761771 | T9: Padre | U9: 0983708779 | V9: Otro familiar | W9: Bolívar | X9: 3o EGB | Z9: NO
G10: =SUM(G4:G9) -> 3 | H10: 4
A12: No | B12: Dirección de correo electrónico | C12: CURSO | D12: PARALELO | E12: Apellidos del Estudiante | F12: Nombres del Estudiante | G12: M | H12: F | I12: Número de Cédula del Estudiante | J12: Fecha de Nacimiento del estudiante | K12: Edad | L12: Apellidos del Representante del Estudiante | M12: Nombres del Representante del Estudiante | N12: Número de cédula del Representante | O12: Dirección | P12: Número telefónico convencional | Q12: Número telefónico celular 1 | R12: Número telefónico celular 1 pertenece a | S12: Número Telefónico celular 2 | T12: Número Telefónico celular 2 a quien pertenece | U12: Número Telefónico celular 3 | V12: Número Telefónico Celular 3 a quien pertenece | W12: Institución que estudia su formación regular | X12: Año de Estudio en su formación Regular | Y12: ¿Existe alguna alergia/enfermedad/ condición del estudiante que la institución debe tener en cuenta durante clases? | Z12: Indique si su representado tiene alguna Necesidad Educativa no asociada a una discapacidad | AA12: Si respondió SI Indique cual es la necesidad educativa
A13: 1 | B13: jonnyacostab@gmail.com | C13: 1o | D13: B (vespertino) | E13: Acosta Vaca | F13: Jonathan Gabriel | G13: 1 | I13: 1759061474 | J13: 43370 | K13: 7 | L13: Acosta Bombón | M13: Jonny Luis | N13: 1802320174 | O13: Av. Cervantes y Jorge Carrera | P13: 2588791 | Q13: 998390912 | R13: Padre del estudiante | S13: 992588855 | T13: Madre | W13: Unidad Educativa Glenn Doman | X13: 3o EGB | Z13: NO
A14: 2 | B14: briggitebravo3d@gmail.com | C14: 1o | D14: B (vespertino) | E14: Arcos Bravo | F14: Elian Alejandro | G14: 1 | I14: 1758455586 | J14: 43086 | K14: 7 | L14: Bravo Bravo | M14: Briggite | N14: 1206813212 | O14: Av Miraflores pasaje las Orquídeas | P14: 0983117180 | Q14: 0983117180 | R14: Madre del estudiante | S14: 0982346722 | T14: Padre | U14: 099-509-1590 | V14: Otro familiar | W14: Unidad Educativa Sagrada Familia | X14: 4o EGB | Y14: Alergia a los ácaros y frío | Z14: NO
A15: 3 | B15: revelomaria69@gmail.com | C15: 1o | D15: B (vespertino) | E15: Benavides Revelo | F15: Martina Eunice | H15: 1 | I15: 1758840845 | J15: 43272 | K15: 7 | L15: Revelo Muñoz | M15: Maria Jose | N15: 0401737069 | O15: Izamba conjunto san Juan 1casa 3 calles Pedro de Macorís y Manizales | P15: 2821291 | Q15: 0980903526 | R15: Madre del estudiante | S15: 0987636877 | T15: otro familiar | U15: 0999382369 | V15: Padre | W15: Unidad educativa "San Pio x" | X15: 3o EGB | Z15: NO
A16: 4 | B16: revelomaria69@gmail.com | C16: 1o | D16: B (vespertino) | E16: Benavides Revelo | F16: Maya Fiorella | H16: 1 | I16: 1758840837 | J16: 43272 | K16: 7 | L16: Revelo Muñoz | M16: María José | N16: 0401737069 | O16: Izamba, conjunto San Juan 1 casa 3, calles San Pedro de Macorís y Manizales | P16: 2821291 | Q16: 0980903526 | R16: Madre del estudiante | S16: 0987636877 | T16: otro familiar | U16: 0999382369 | V16: Padre | W16: Unidad educativa "San Pio X" | X16: 3o EGB | Z16: NO
A17: 5 | B17: danielespin87@gmail.comda | C17: 1o | D17: B (vespertino) | E17: Espín Mancheno | F17: Juliana Lucía | H17: 1 | I17: 1851547016 | J17: 43656 | K17: 6 | L17: Espín Salas | M17: Darwin Daniel | N17: 1804216495 | O17: Pachacutec y Quingalumba | P17: 032512916 | Q17: 0984717378 | R17: Padre del estudiante | S17: 0998854403 | T17: Madre | W17: Unidad Educativa Rodríguez Albornoz | X17: 2o EGB | Z17: NO
A18: 6 | B18: ab.agavilanes89@outlook.es | C18: 1o | D18: B (vespertino) | E18: Gavilanes Guaman | F18: Brianna Yamile | H18: 1 | I18: 0650810260 | J18: 43038 | K18: 7 | L18: Gavilanes Panimboza | M18: Angel Bladimir | N18: 1804710083 | O18: Cevallos | P18: 033074174 | Q18: 0984116294 | R18: Padre del estudiante | S18: 0967476414 | T18: Madre | W18: Unidad Educativa Alberto Guerra | X18: 3o EGB | Y18: No | Z18: NO
A19: 7 | B19: rafa832@hotmail.com | C19: 1o | D19: B (vespertino) | E19: Jara Casillas | F19: Arianne Belén | H19: 1 | I19: 1851476083 | J19: 43372 | K19: 7 | L19: Jara Espin | M19: Julio Rafael | N19: 1803340163 | O19: Av. Luis Anibal Granja y Libardo Parra | P19: 035016915 | Q19: 0984274104 | R19: Madre del estudiante | S19: 0992872558 | T19: Padre | U19: 0992541184 | V19: Otro familiar | W19: Unidad Educativa Espiritu Santo | X19: 3o EGB | Y19: La mencionada estudiante es vegetariana al 100% | Z19: NO
A20: 8 | B20: mc.intriago7@gmail.com | C20: 1o | D20: B (vespertino) | E20: Lema Intriago | F20: Celeste Valentina | H20: 1 | I20: 1851375772 | J20: 42990 | K20: 7 | L20: Intriago Pilamunga | M20: María del Carmen | N20: 1804381273 | O20: Imbabura y Esparza | P20: 032849242 | Q20: 0984038188 | R20: Madre del estudiante | S20: 0987630585 | T20: Padre | U20: 0984038188 | V20: Madre | W20: Unidad Educativa Emanuel | X20: 4o EGB | Y20: No | Z20: NO
A21: 9 | B21: pazmino.rebeca_87@yahoo.com | C21: 1o | D21: B (vespertino) | E21: López Pazmiño | F21: Elí Natanael | G21: 1 | I21: 1851416501 | J21: 43141 | K21: 7 | L21: Pazmiño Vargas | M21: Rebeca Jeannette | N21: 1804316493 | O21: San Vicente | Q21: 0999268085 | R21: Madre del estudiante | S21: 0984554748 | T21: Padre | U21: 098-732-0081 | V21: Otro familiar | W21: San Isidro Labrador | X21: 3o EGB | Z21: SI | AA21: Un ojo no puede ver
A22: 10 | B22: ambamielecuador@gmail.com | C22: 1o | D22: B (vespertino) | E22: Mantilla Paredes | F22: Elisa Margoth | H22: 1 | I22: 1851394054 | J22: 43055 | K22: 7 | L22: Paredes Rodríguez | M22: Fernanda Elizabeth | N22: 1804621454 | O22: Av. Jacome Clavijo e Isaías Toro Ruiz | Q22: 0984768823 | R22: Madre del estudiante | S22: 0939147271 | T22: Padre | W22: Unidad Educativa Novus High School | X22: 3o EGB | Y22: No | Z22: NO
A23: 11 | B23: ramospiedad540@gmail.com | C23: 1o | D23: B (vespertino) | E23: Manzano Ramos | F23: Noemí Hadassah | H23: 1 | I23: 1851366599 | J23: 42955 | K23: 7 | L23: Manzano Tonato | M23: Henry Nelson | N23: 1803296019 | O23: Mocha- Caserío Acapulco | Q23: 0981843865 | R23: Padre del estudiante | S23: 0995984826 | T23: Madre | W23: UNIDAD EDUCATIVA EMANUEL | X23: 3o EGB | Z23: NO
A24: 12 | B24: myligol501@gmail.com | C24: 1o | D24: B (vespertino) | E24: Masabanda Contreras | F24: Janis Emilia | H24: 1 | I24: 1851443570 | J24: 43246 | K24: 7 | L24: Contreras Alqui | M24: Mayra Olivia | N24: 1804263257 | O24: Av. Victor Hugo y Batalla de Pichincha | P24: 0997730918 | Q24: 099 741 9565 | R24: Padre del estudiante | S24: 0997730918 | T24: Madre | U24: 0984309883 | V24: Padre | W24: Unidad educativa Rodríguez Albornoz | X24: 3o EGB | Z24: NO
A25: 13 | B25: majrock1@yahoo.es | C25: 1o | D25: B (vespertino) | E25: Ñacato Ulloa | F25: Danna Rafaela | H25: 1 | I25: 1759221938 | J25: 43439 | K25: 6 | L25: Ñacato Anchaluisa | M25: Byron Rafael | N25: 1803012374 | O25: Alexander Fleming y Galileo Galilei Conjunto habitacional Portón del Bosque casa 4 | P25: 0994975161 | Q25: 0994975161 | R25: Padre del estudiante | S25: 0997374843 | T25: Madre | W25: UNIDAD EDUCATIVA EUGENIO ESPEJO | X25: 3o EGB | Z25: NO
A26: 14 | B26: eaparedes2@gmail.com | C26: 1o | D26: B (vespertino) | E26: Paredes Armas | F26: David Eduardo | G26: 1 | I26: 1851487890 | J26: 43415 | K26: 6 | L26: Paredes Paredes | M26: Eduardo Antonio | N26: 1803159712 | O26: Calle Mera y Cuenca | P26: 032841386 | Q26: 0987289260 | R26: Padre del estudiante | S26: 0999140506 | T26: Madre | W26: Unidad Educativa Santo Domingo de Guzmán Ambato | X26: 3o EGB | Z26: NO
A27: 15 | B27: byper34@hotmail.com | C27: 1o | D27: B (vespertino) | E27: Pérez Llanos | F27: Valery MIkaela | H27: 1 | I27: 1851429710 | J27: 43191 | K27: 7 | L27: Llanos Bonilla | M27: Piedad Maricely | N27: 1803086213 | O27: Martinez | Q27: 0998806683 | R27: Madre del estudiante | S27: 0999915604 | T27: Padre | U27: 0980111663 | V27: Otro familiar | W27: Unidad Educativa Ambato | X27: 3o EGB | Z27: NO
A28: 16 | B28: ma-fer92@hotmail.com | C28: 1o | D28: B (vespertino) | E28: Pérez Romo | F28: Martin Israel | G28: 1 | I28: 1851524577 | J28: 43563 | K28: 7 | L28: Romo Muñoz | M28: María Fernanda | N28: 1804664488 | O28: Av. 22 de enero cueva de los tayos | Q28: 0983715062 | R28: Madre del estudiante | S28: 0984447397 | T28: Padre | W28: Nueva Esperanza | X28: 2o EGB | Y28: Sinusitis | Z28: NO
A29: 17 | B29: paulsanchez25@gmail.com | C29: 1o | D29: B (vespertino) | E29: Sánchez Maldonado | F29: Axel Rafael | G29: 1 | I29: 1851393296 | J29: 43054 | K29: 7 | L29: Sánchez Acosta | M29: Paúl Sebastián | N29: 1803540101 | O29: Serafín Pulgar y Cesar Guerrero | Q29: 0961477901 | R29: Padre del estudiante | S29: 0984759551 | T29: Madre | W29: Unidad Educativa General Córdova | X29: 4o EGB | Z29: NO
A30: 18 | B30: Isavillenacardenas@gmail.com | C30: 1o | D30: B (vespertino) | E30: Sánchez Villena | F30: José Julián | G30: 1 | I30: 1851502391 | J30: 43475 | K30: 6 | L30: Villena Cárdenas | M30: María Isabel | N30: 1803096419 | O30: Jácome Clavijo y Marcos Montalvo | P30: 032842175 | Q30: 0987738663 | R30: Madre del estudiante | S30: 0984865981 | T30: otro familiar | U30: 0959708241 | V30: Otro familiar | W30: Pio X | X30: 2o EGB | Y30: Rinitis alergica | Z30: NO
A31: 19 | B31: adrianaborjacalderon@gmail.com | C31: 1o | D31: B (vespertino) | E31: Solórzano Borja | F31: Benjamín Caleb | G31: 1 | I31: 1851405561 | J31: 43099 | K31: 7 | L31: Borja Calderón | M31: Adriana Elizabeth | N31: 1803144995 | O31: Av Pichincha y Latacunga | Q31: 0992836153 | R31: Madre del estudiante | S31: +593 99 994 9104 | T31: otro familiar | U31: +593 99 877 9828 | V31: Madre | W31: Unidad Educativa Jerusalén | X31: 2o EGB | Z31: NO
A32: 20 | B32: musicaluis11@gmail.com | C32: 1o | D32: B (vespertino) | E32: Sumbana Freire | F32: Isaac Daniel | G32: 1 | I32: 1851513034 | J32: 43517 | K32: 6 | L32: Sumbana Quinapanta | M32: Luis Enrique | N32: 1802884542 | O32: Avenida Los Chasquiz y Río Yanayacu E24 ciudadela Nuevo Ambato | P32: 032846142 | Q32: 0998065024 | R32: Padre del estudiante | S32: 0979105161 | T32: Madre | U32: 0995583840 | V32: Otro familiar | W32: U.E. Juan León Mera ,"La Salle" | X32: 2o EGB | Y32: Ninguna | Z32: NO
A33: 21 | B33: adry1087@gmail.com | C33: 1o | D33: B (vespertino) | E33: Zamora Chafla | F33: Ian Esteban | G33: 1 | I33: 1851444370 | J33: 43249 | K33: 7 | L33: Chafla Bonilla | M33: Adriana Fernanda | N33: 1804087805 | O33: Ernesto Miño y Manuel Garcés | Q33: 0987320777 | R33: Madre del estudiante | S33: 0984212679 | T33: otro familiar | W33: Unidad Educativa Eloy Alfaro | X33: 2o EGB
G34: 10 | H34: 11
A37: No | B37: Dirección de correo electrónico | C37: CURSO | D37: PARALELO | E37: Apellidos del Estudiante | F37: Nombres del Estudiante | G37: M | H37: F | I37: Número de Cédula del Estudiante | J37: Fecha de Nacimiento del estudiante | K37: Edad | L37: Apellidos del Representante del Estudiante | M37: Nombres del Representante del Estudiante | N37: Número de cédula del Representante | O37: Dirección | P37: Número telefónico convencional | Q37: Número telefónico celular 1 | R37: Número telefónico celular 1 pertenece a | S37: Número Telefónico celular 2 | T37: Número Telefónico celular 2 a quien pertenece | U37: Número Telefónico celular 3 | V37: Número Telefónico Celular 3 a quien pertenece | W37: Institución que estudia su formación regular | X37: Año de Estudio en su formación Regular | Y37: ¿Existe alguna alergia/enfermedad/ condición del estudiante que la institución debe tener en cuenta durante clases? | Z37: Indique si su representado tiene alguna Necesidad Educativa no asociada a una discapacidad | AA37: Si respondió SI Indique cual es la necesidad educativa
A38: 1 | B38: alexcaguana93@gmail.com | C38: 1o | D38: C (vespertino) | E38: Caguana Paucar | F38: Leonel Emiliano | G38: 1 | I38: 1851375061 | J38: 42987 | K38: 7 | L38: Caguana Chasig | M38: Alex Humberto | N38: 1804835153 | O38: Quisapincha, Ecuador | Q38: 0982667532 | R38: Padre del estudiante | S38: 0984576355 | T38: Madre | U38: 0994484370 | V38: Otro familiar | W38: Unidad Educativa Rumiñahui | X38: 4o EGB | Y38: Ningúna | Z38: NO
A39: 2 | B39: gabogus1804@hotmail.com | C39: 1o | D39: C (vespertino) | E39: Chisag Mayorga | F39: Paulette Milagros | H39: 1 | I39: 1851467132 | J39: 43339 | K39: 6 | L39: Chisag Pallmay | M39: Wellington Gustavo | N39: 1804332292 | O39: Avenida Víctor Hugo y calle José de la cuadra | P39: 0961308439 | Q39: 0995123748 | R39: Padre del estudiante | S39: 0961308439 | T39: Madre | U39: 0960422007 | V39: Otro familiar | W39: Unidad Educativa Rodriguez Albornoz | X39: 3o EGB | Y39: Tiene alergia a todo tipo de insectos | Z39: NO
A40: 3 | B40: mary.trabajo44@gmail.com | C40: 1o | D40: C (vespertino) | E40: Culque Rumipamba | F40: María Alejandra | H40: 1 | I40: 1758171878 | J40: 42916 | K40: 8 | L40: Rumipamba López | M40: Dora Maricela | N40: 1803386489 | O40: Av José Peralta y Hugo Alemán | Q40: 0992933915 | R40: Madre del estudiante | S40: 0999297092 | T40: Padre | U40: 0992641911 | V40: Otro familiar | W40: Unidad Educativa Santo Domingo de Guzman | X40: 4o EGB | Y40: Alergia al polvo y frío | Z40: NO
A41: 4 | B41: guachambaladanny1@gmail.com | C41: 1o | D41: C (vespertino) | E41: Cunama Guachambala | F41: Reilly Henry | G41: 1 | I41: 1851502821 | J41: 43477 | K41: 6 | L41: Guachambala Masaquiza | M41: Diana Maribel | N41: 1804132726 | O41: Huambalo_ La florida | Q41: 0979469831 | R41: Madre del estudiante | S41: 0995302495 | T41: otro familiar | U41: 0986334644 | V41: Padre | W41: Escuela de educación básica Marianita de Jesús | X41: 2o EGB | Y41: Ninguna | Z41: NO
A42: 5 | B42: curicamarocio@gmail.com | C42: 1o | D42: C (vespertino) | E42: Curicama Curicama | F42: Camila Valentina | H42: 1 | I42: 1851418523 | J42: 43147 | K42: 7 | L42: Curicama Gualli | M42: Rosio | N42: 1803388832 | O42: Av Luis Aníbal Granja y Carlos Cando | P42: 2826672 | Q42: 962581735 | R42: Madre del estudiante | S42: 979113539 | T42: Padre | U42: 987744347 | V42: Otro familiar | W42: Unidad Educativa Emanuel | X42: 4o EGB | Z42: NO
A43: 6 | B43: vivilmgualpa1601@gmail.com | C43: 1o | D43: C (vespertino) | E43: Freire Gualpa | F43: Esteban Emilio | G43: 1 | I43: 1851433456 | J43: 43203 | K43: 7 | L43: Gualpa Almache | M43: Katherine Viviana | N43: 1804569547 | O43: Terremoto, av. Bolivariana y Efraín Guevara Conjunro residencial Alcalá #17 | P43: 032415895 | Q43: 0992572150 | R43: Madre del estudiante | S43: 0995310924 | T43: Padre | U43: 0987769074 | V43: Otro familiar | W43: Unidad Educativa Andino | X43: 2o EGB | Z43: NO
A44: 7 | B44: mercedesdelourdes85@gmail.com | C44: 1o | D44: C (vespertino) | E44: Intriago Marino | F44: Daniel Agustin | G44: 1 | I44: 1851564896 | J44: 43731 | K44: 6 | L44: Marino Guerrero | M44: Mercedes Delourdes | N44: 1718249590 | O44: Barrio solis | P44: 032440541 | Q44: 0960341077 | R44: Madre del estudiante | S44: 0990083643 | T44: Padre | U44: 0996410516 | V44: Otro familiar | W44: Eduardo Reyes Naranjo | X44: 2o EGB | Z44: NO
A45: 8 | B45: m.santiago@semisud.edu.ec | C45: 1o | D45: C (vespertino) | E45: Manya Santiago | F45: Yarely Alejandra | H45: 1 | I45: 1851475820 | J45: 43371 | K45: 6 | L45: Santiago Rea | M45: Maritza Alexandra | N45: 0604016519 | O45: Terremoto Mirador | Q45: 0985312487 | R45: Madre del estudiante | S45: 0993380126 | T45: Padre | U45: 0992582685 | V45: Otro familiar | W45: Teresa Flor | X45: 3o EGB | Y45: No | Z45: NO
A46: 9 | B46: fannylu10ch@gmail.com | C46: 1o | D46: C (vespertino) | E46: Minta Choco | F46: Lía Samara | H46: 1 | I46: 1851439461 | J46: 43226 | K46: 7 | L46: Minta Toasa | M46: Darwin Israel | N46: 1804317178 | O46: Calle La Delicia Bajo el puente Atocha Ficoa | Q46: 0984593179 | R46: Madre del estudiante | S46: 0984856499 | T46: Padre | W46: UE. JUAN BENIGNO VELA | X46: 3o EGB | Y46: Es Zurda | Z46: NO
A47: 10 | B47: lascanokarina27@gmail.com | C47: 1o | D47: C (vespertino) | E47: Ochoa Lascano | F47: Eliette Eloiza | H47: 1 | I47: 1851456440 | J47: 43661 | K47: 7 | L47: Lascano Peñaloza | M47: Karina Lizbeth | N47: 1850103449 | O47: Izamba | Q47: 0983211021 | R47: Padre del estudiante | S47: 0995735168 | T47: Madre | W47: Augusto Martínez | X47: 2o EGB | Y47: Ninguno | Z47: NO
A48: 11 | B48: veronica_nug86@hotmail.com | C48: 1o | D48: C (vespertino) | E48: Paredes Nuñez | F48: Alicia Valentina | H48: 1 | I48: 1851350379 | J48: 42893 | K48: 8 | L48: Nuñez Guzman | M48: Veronica Fernanda | N48: 0503167751 | O48: Calle Granada y Palma de Mallorca | P48: 0968707903 | Q48: 0968707903 | R48: Madre del estudiante | S48: 0991240528 | T48: Padre | U48: 0 98 388 2927 | V48: Otro familiar | W48: Unidad Educativa Ecuatoriano Holandes | X48: 4o EGB | Y48: Alergia al polen, humedad, frio, plumas, colorante rojo, moho | Z48: NO
A49: 12 | B49: gladysgalarza777@gmail.com | C49: 1o | D49: C (vespertino) | E49: Quishpe Galarza | F49: Nathan Jasid | H49: 1 | I49: 1851395192 | J49: 43059 | K49: 7 | L49: Galarza Anilema | M49: Gladys María | N49: 1803840980 | O49: Carihuayrazo y Sangay | P49: 032423267 | Q49: 0995080095 | R49: Madre del estudiante | S49: 0958773024 | T49: Padre | U49: 0999929534 | V49: Padre | W49: Hispano América | X49: 3o EGB | Z49: NO
A50: 13 | B50: debolo1474@gmail.com | C50: 1o | D50: C (vespertino) | E50: Salazar Arias | F50: Amalia Ariadna | H50: 1 | I50: 1851446839 | J50: 43240 | K50: 7 | L50: Salazar Cordova | M50: Bolivar Efraín | N50: 1802863504 | O50: Ingahurco bajo calles Italia y Portugal esq. | P50: 032520779 | Q50: 0998264820 | R50: Padre del estudiante | S50: 0987289510 | T50: Madre | W50: San Pío X | X50: 3o EGB | Z50: NO
A51: 14 | B51: mdamarisnoemi@yahoo.com | C51: 1o | D51: C (vespertino) | E51: Sánchez Miño | F51: Angélica Siloé | H51: 1 | I51: 1851358000 | J51: 42921 | K51: 8 | L51: Milo Meneses | M51: Dámaris Noemí | N51: 1850681337 | O51: Sector ECU 911 | P51: 2527261 | Q51: 0960182163 | R51: Madre del estudiante | S51: 0983162359 | T51: Padre | W51: Unidad Educativa Ambato | X51: 3o EGB | Z51: NO
A52: 15 | B52: bryan-alexandersa@outlook.com | C52: 1o | D52: C (vespertino) | E52: Sánchez Pazmiño | F52: Benjamín Isaí | G52: 1 | I52: 1851507184 | J52: 43493 | K52: 6 | L52: Pazmiño Vargas | M52: Marisol Elizabeth | N52: 1804158119 | O52: Aristides Sartorio y Av Victor Hugo | Q52: 0987320081 | R52: Madre del estudiante | S52: 0984196883 | T52: Padre | W52: Bautista | X52: 2o EGB | Z52: NO
A53: 16 | B53: jacque1912@gmail.com | C53: 1o | D53: C (vespertino) | E53: Segovia Mero | F53: Camila Sarahi | H53: 1 | I53: 1851467892 | J53: 43342 | K53: 6 | L53: Mero Paucar | M53: Jacqueline Alexandra | N53: 1804615068 | O53: Av Pasteur y Haití | Q53: 0987892299 | R53: Madre del estudiante | S53: 0984404528 | T53: Padre | W53: Carmen Barona | X53: 3o EGB | Z53: NO
A54: 17 | B54: mctonato@yahoo.es | C54: 1o | D54: C (vespertino) | E54: Torres Tonato | F54: Alba Arianna | H54: 1 | I54: 1851410017 | J54: 43117 | K54: 7 | L54: Tonato Sasintuña | M54: María Consuelo | N54: 1803872090 | O54: Ficoa, Las Acacias, Las Limas y Las Mandarinas | Q54: 0979159387 | R54: Madre del estudiante | S54: 0996488465 | T54: Padre | W54: Unidad Educativa Santo Domingo de Guzmán | X54: 3o EGB | Y54: No | Z54: NO
A55: 18 | B55: veritocg228@gmail.com | C55: 1o | D55: C (vespertino) | E55: Troncoso Chacha | F55: Eva Violeta | H55: 1 | I55: 1851459675 | J55: 43309 | K55: 7 | L55: Chacha Guanina | M55: Verónica Jeanette | N55: 1804022901 | O55: Gregorio Escobedo y lavalle Sector Tanques de Cepe | Q55: 0984625325 | R55: Madre del estudiante | S55: 0984452437 | T55: Padre | U55: 0983271688 | V55: Otro familiar | W55: U.E. Santo Domingo de Guzman | X55: 3o EGB | Z55: NO
A56: 19 | B56: fermayorga22@gmail.com | C56: 1o | D56: C (vespertino) | E56: Villacrés Mayorga | F56: María Paz | H56: 1 | I56: 1851473619 | J56: 43363 | K56: 7 | L56: Mayorga Lema | M56: Jaqueline Fernanda | N56: 0996713493 | O56: Ambato, Lope de Vega N.W. 02-65 y Francisco de Goya | Q56: 0961800030 | R56: Padre del estudiante | S56: 0987024171 | T56: otro familiar | U56: 0998342626 | V56: Otro familiar | W56: Unidad Educativa Santo Domingo de Guzmán | X56: 3o EGB | Z56: NO
A57: 20 | B57: kariany.pbarrios.r@gmail.com | C57: 1o | D57: C (vespertino) | E57: Virguez Barrios | F57: Sergio Alejandro | G57: 1 | I57: 192811967 | J57: 43159 | K57: 7 | L57: Barrios Rodríguez | M57: Kariany Paola | N57: 1851873818 | O57: Ficoa, guaytambos y piñas | Q57: 0981796396 | R57: Madre del estudiante | S57: 0999089814 | T57: otro familiar | W57: Escuela Bautista | X57: 3o EGB | Y57: Alergia al frío, usualmente siempre tiene estornudos, congestión nasal | Z57: NO
G58: 6 | H58: 14

Sheet 2o
A1: No | B1: Dirección de correo electrónico | C1: CURSO | D1: PARALELO | E1: Apellidos del Estudiante | F1: Nombres del Estudiante | G1: M | H1: F | I1: Instrumento que estudia en el Conservatorio Bolívar | J1: Maestro de Instrumento | K1: Número de Cédula del Estudiante | L1: Fecha de Nacimiento del estudiante | M1: Edad | N1: Apellidos del Representante del Estudiante | O1: Nombres del Representante del Estudiante | P1: Número de cédula del Representante | Q1: Dirección | R1: Número telefónico convencional | S1: Número telefónico celular 1 | T1: Número telefónico celular 1 pertenece a | U1: Número Telefónico celular 2 | V1: Número Telefónico celular 2 a quien pertenece | W1: Número Telefónico celular 3 | X1: Número Telefónico Celular 3 a quien pertenece | Y1: Institución que estudia su formación regular | Z1: Año de Estudio en su formación Regular | AA1: ¿Existe alguna alergia/enfermedad/ condición del estudiante que la institución debe tener en cuenta durante clases? | AB1: Indique si su representado tiene alguna Necesidad Educativa no asociada a una discapacidad | AC1: Si respondió SI Indique cual es la necesidad educativa
A2: 1 | B2: ivan-ap01@hotmail.com | C2: 2o | D2: A (matutina) | E2: Acosta Ruíz | F2: Samuel Alexander | G2: 1 | I2: saxofon | J2: Toapanta Arequipa Danny Alexander | K2: 1851304558 | L2: 42724 | M2: 8 | N2: Acosta Peña | O2: Rodolfo Iván | P2: 1803296290 | Q2: Julio Cesar cañar y Silva Pareja | R2: 032405777 | S2: 0995850407 | T2: Padre del estudiante | U2: 0993639387 | V2: otro familiar | W2: 0994831682 | X2: Otro familiar | Y2: Unidad Educativa Ambato | Z2: 5o EGB | AB2: NO
A3: 2 | B3: djivan199314@gmail.com | C3: 2o | D3: A (matutina) | E3: Caiza Hurtado | F3: Joseph Emiliano | G3: 1 | I3: guitarra | J3: Chicaiza Cuenca Rubén Geovany | K3: 1851304731 | L3: 42353 | M3: 8 | N3: Caiza Jaque | O3: Henry Ivan | P3: 1804906566 | Q3: Izamba Quillan Loma | S3: 0992758070 | T3: Padre del estudiante | U3: 0986494911 | V3: Madre | W3: 0995130589 | X3: Otro familiar | Y3: Unidad Educativa Atahualpa | Z3: 5o EGB | AA3: No | AB3: NO
A4: 3 | B4: diana.deby.basantes85@gmail.com | C4: 2o | D4: A (matutina) | E4: Cárdenas Basantes | F4: Samara Elizabeth | H4: 1 | I4: piano | J4: Chicaiza Yánez Jefferson Alexander | K4: 1851391316 | L4: 43047 | M4: 7 | N4: Basantes Yugcha | O4: Diana Elizabeth | P4: 0503699654 | Q4: García Moreno Y Vargas Torres ( Frente al colegio Ambato al fondo de un zaguan junto una vulcanizadora casa color mostaza con vivo ) | S4: 0984629080 | T4: Madre del estudiante | U4: 0999901815 | V4: Padre | Y4: Unidad Educativa '' Ambato'' | Z4: 4o EGB
A5: 4 | B5: veronicatoasa@gmail.com | C5: 2o | D5: A (matutina) | E5: Chaglla Toasa | F5: Ayeleth Hadasha | H5: 1 | I5: piano | J5: Chicaiza Yánez Jefferson Alexander | K5: 1851278679 | L5: 42628 | M5: 8 | N5: Toasa Vega | O5: Verónica Elizabeth | P5: 1804826681 | Q5: Azorrin y Jacinto Verdaguer | R5: 032400895 | S5: 0995165267 | T5: Madre del estudiante | U5: 0995818097 | V5: Padre | W5: 0983724953 | X5: Otro familiar | Y5: Unidad Educativa Bolivar | Z5: 5o EGB | AB5: NO
A6: 5 | B6: valeriagaltamirano@gmail.com | C6: 2o | D6: A (matutina) | E6: Chisag Guamán | F6: Ricardo Sebastián | G6: 1 | I6: trompeta | J6: Amancha Hidalgo Félix Marcelo | K6: 1851367969 | L6: 42961 | M6: 7 | N6: Chisag Pallmay | O6: Edwin Ricardo | P6: 1804609418 | Q6: Av. Víctor Hugo y José de la Cuadra | R6: 2512107 | S6: 0983459828 | T6: Madre del estudiante | U6: 0984793634 | V6: Padre | W6: 0969000799 | X6: Otro familiar | Y6: U.E.Francisco Flor | Z6: 4o EGB
A7: 6 | B7: tanniabimboza@gmail.com | C7: 2o | D7: A (matutina) | E7: Chulco Bimboza | F7: Dereck David | H7: 1 | I7: guitarra | J7: Chicaiza Cuenca Rubén Geovany | K7: 1851245272 | L7: 42501 | M7: 9 | N7: Bimboza Castro | O7: Tannia Mariela | P7: 1805139738 | Q7: Huachi la Florida | S7: 0995318655 | T7: Madre del estudiante | U7: 0995586336 | V7: Padre | W7: 0995318655 | X7: Madre | Y7: UE Bolivar | Z7: 5o EGB | AB7: NO
A8: 7 | B8: valenciaanny12@gmail.com | C8: 2o | D8: A (matutina) | E8: Guerrero Valencia | F8: Dylan Nicolás | H8: 1 | I8: piano | J8: Chicaiza Orozco Marcelo Javier | K8: 1851351658 | L8: 42898 | M8: 8 | N8: Valencia Lema | O8: Ana Beatriz | P8: 1805382593 | Q8: Santa Rosa | S8: 958909852 | T8: Madre del estudiante | U8: 987729007 | V8: Padre | W8: 0984052423 | X8: Otro familiar | Y8: Unidad Educativa Ambato | Z8: 4o EGB | AB8: NO
A9: 8 | B9: carlarivadeneira@yahoo.es | C9: 2o | D9: A (matutina) | E9: Jiménez Rivadeneira | F9: Amelia Sofía | G9: 1 | I9: violín | J9: Gutama Galan Juan Diego | K9: 1851385904 | L9: 43018 | M9: 7 | N9: Rivadeneira Mejía | O9: Carla Maritza | P9: 1719780304 | Q9: Calle Morales y Batalla de Tarqui, S/N, cerramiento celeste, casa de un piso junto a la Unidad Educativa "Guayaquil", diagonal a la puerta del estadio de la Unidad. | R9: 032525543 | S9: 0994639747 | T9: Madre del estudiante | U9: 0983819961 | V9: Padre | W9: 0987477681 | X9: Otro familiar | Y9: Unidad Educativa "Guayaquil" | Z9: 3o EGB | AB9: NO
A10: 9 | B10: sandrapio1979@gmail.com | C10: 2o | D10: A (matutina) | E10: López Iza | F10: Eduardo José | G10: 1 | I10: trombón | J10: Peralta Aponte Christian Hernán | K10: 1851319101 | L10: 42779 | M10: 8 | N10: López Núñez | O10: Carlos Eduardo | P10: 1803009461 | Q10: Pinllo | S10: 0990360880 | T10: Padre del estudiante | U10: 0984057751 | V10: Madre | W10: 0997895624 | X10: Otro familiar | Y10: Escuela Juan Montalvo | Z10: 4o EGB | AB10: NO
A11: 10 | B11: katro7ch@gmail.com | C11: 2o | D11: A (matutina) | E11: Martinez Chafla | F11: Zoe Ivanna | H11: 1 | I11: violín | J11: Gutama Galan Juan Diego | K11: 1758349755 | L11: 43021 | M11: 7 | N11: Chafla Fierro | O11: Katya del Rocio | P11: 1714688064 | Q11: Ambato Calle Montalvo 222 y Cuenca | R11: 2426313 | S11: 0980609987 | T11: Madre del estudiante | U11: 0999944642 | V11: Padre | W11: 0999738219 | X11: Otro familiar | Y11: ACE /JOSUE | Z11: 3o EGB
A12: 11 | B12: anitamedina8019@gmail.com | C12: 2o | D12: A (matutina) | E12: Muñiz Medina | F12: Israel Roberto | G12: 1 | I12: percusión | J12: Tapia García Kevin Paúl | K12: 1851351898 | L12: 42899 | M12: 8 | N12: Medina Santa Cruz | O12: Mayra Anabel | P12: 183090230 | Q12: Santa Rosa | S12: 0991235833 | T12: Madre del estudiante | U12: 0997809263 | V12: Padre | Y12: Pedro Fermín Cevallos | Z12: 4o EGB | AA12: No | AB12: NO
A13: 12 | B13: gabytatoasa.94@gmail.com | C13: 2o | D13: A (matutina) | E13: Muñoz Toasa | F13: Karla Sarahí | H13: 1 | I13: violín | J13: Gutama Galan Juan Diego | K13: 0650721038 | L13: 42640 | M13: 8 | N13: Toasa Toasa | O13: Gabriela Aracely | P13: 1600786758 | Q13: Santa rosa | S13: 0992656814 | T13: Madre del estudiante | U13: 0991567097 | V13: otro familiar | W13: 0999214775 | X13: Padre | Y13: Gral Eloy Alfaro delgado | Z13: 5o EGB | AB13: NO
A14: 13 | B14: marisoltoasa.mt@gmail.com | C14: 2o | D14: A (matutina) | E14: Quispe Toasa | F14: Arlet Sarahi | H14: 1 | I14: violonchelo | J14: Peña Núñez Andrea Michelle | K14: 1851339125 | L14: 42828 | M14: 8 | N14: Toasa Aldas | O14: Marisol Alejandra | P14: 1803582152 | Q14: Pinllo barrio Andiglata | R14: 0000000 | S14: 0998786172 | T14: Madre del estudiante | U14: 0999571966 | V14: Padre | W14: 0986208010 | X14: Otro familiar | Y14: Unidad Educativa Bolivar | Z14: 3o EGB | AB14: NO
A15: 14 | B15: roli.ramos@hotmail.com | C15: 2o | D15: A (matutina) | E15: Ramos Chango | F15: Mathias Jair | G15: 1 | I15: piano | J15: Pérez Toapanta Diego Armando | K15: 1851345155 | L15: 39219 | M15: 8 | N15: Ramos Miniguano | O15: Franklin Ramos | P15: 1802893949 | Q15: La Nación y El Fenix | R15: 0983309144 | S15: 0983309144 | T15: Padre del estudiante | U15: 0979324698 | V15: Madre | W15: 0968966464 | X15: Otro familiar | Y15: Conservatorio ambato | Z15: 2o EGB | AB15: NO
A16: 15 | B16: arquirecord@gmail.com | C16: 2o | D16: A (matutina) | E16: Revelo Pico | F16: Alessandro Salvatore | G16: 1 | I16: trompeta | J16: Amancha Hidalgo Félix Marcelo | K16: 0961388386 | L16: 42797 | M16: 8 | N16: Revelo Córdova | O16: Jorge Luis | P16: 1802689610 | Q16: Av de los Shyris y Diego Noboa | R16: 00 | S16: 0983805776 | T16: Padre del estudiante | U16: 0982362628 | V16: Madre | W16: 0960966023 | X16: Otro familiar | Y16: Unidad Educativa Bolívar | Z16: 4o EGB | AA16: Alergia al polvo | AB16: NO
A17: 16 | B17: cynthiaruizcastillo1@gmail.com | C17: 2o | D17: A (matutina) | E17: Solis Ruiz | F17: Lenin Gabriel | G17: 1 | I17: guitarra | J17: Chicaiza Cuenca Rubén Geovany | K17: 1851291904 | L17: 42674 | M17: 8 | N17: Ruiz Castillo Cynthia Lizbeth | O17: Ruiz Castillo Cynthia Lizbeth | P17: 1804937793 | Q17: Samanga, Camino el Rey y Calle Palora | S17: 0983787366 | T17: Madre del estudiante | U17: 0997088600 | V17: otro familiar | W17: 0984231715 | X17: Otro familiar | Y17: Unidad Educativa Juan Montalvo | Z17: 5o EGB | AA17: Si | AB17: NO
A18: 17 | B18: mikaelaavalos20@gmail.com | C18: 2o | D18: A (matutina) | E18: Toapanta Avalos | F18: Ariana Nicole | H18: 1 | I18: trompeta | J18: Amancha Hidalgo Félix Marcelo | K18: 1851362275 | L18: 42939 | M18: 7 | N18: Avalos Tixelema | O18: Silvia Micaela | P18: 1804367595 | Q18: La Península sector Catiglata | R18: 032445623 | S18: 0982700302 | T18: Madre del estudiante | U18: 0993321424 | V18: Padre | Y18: Unidad Educativa Bolivar | Z18: 4o EGB | AB18: NO
G19: =SUM(G2:G18) -> 9 | H19: =SUM(H2:H18) -> 8
A21: No | B21: Dirección de correo electrónico | C21: CURSO | D21: PARALELO | E21: Apellidos del Estudiante | F21: Nombres del Estudiante | G21: M | H21: F | I21: Instrumento que estudia en el Conservatorio Bolívar | J21: Maestro de Instrumento | K21: Número de Cédula del Estudiante | L21: Fecha de Nacimiento del estudiante | M21: Edad | N21: Apellidos del Representante del Estudiante | O21: Nombres del Representante del Estudiante | P21: Número de cédula del Representante | Q21: Dirección | R21: Número telefónico convencional | S21: Número telefónico celular 1 | T21: Número telefónico celular 1 pertenece a | U21: Número Telefónico celular 2 | V21: Número Telefónico celular 2 a quien pertenece | W21: Número Telefónico celular 3 | X21: Número Telefónico Celular 3 a quien pertenece | Y21: Institución que estudia su formación regular | Z21: Año de Estudio en su formación Regular | AA21: ¿Existe alguna alergia/enfermedad/ condición del estudiante que la institución debe tener en cuenta durante clases? | AB21: Indique si su representado tiene alguna Necesidad Educativa no asociada a una discapacidad | AC21: Si respondió SI Indique cual es la necesidad educativa
A22: 1 | B22: chave287@hotmail.com | C22: 2o | D22: B (vespertina) | E22: Alvarado Chávez | F22: Mathias Josue | G22: 1 | I22: guitarra | J22: Chicaiza Cuenca Rubén Geovany | K22: 1851386316 | L22: 43004 | M22: 7 | N22: Chávez Rugel | O22: Maria Gabriela | P22: 1803521424 | Q22: Cesar Silva y Sergio Nuñez | S22: 0998004437 | T22: Madre del estudiante | U22: 0988186974 | V22: Padre | Y22: Unidad educativa Bautista | Z22: 4o EGB | AA22: No | AB22: NO
A23: 2 | B23: mariazoilayuquilema9554@gmail.com | C23: 2o | D23: B (vespertina) | E23: Anilema Yuquilema | F23: Aylen Yuleisy | H23: 1 | I23: violín | J23: Zumbana Quinapanta Santiago Maximiliano | K23: 0550902993 | L23: 42707 | M23: 8 | N23: Yuquilema Lema | O23: María Zoila | P23: 0504289554 | Q23: Km8 vía Baños | S23: 0984499689 | T23: Madre del estudiante | U23: 0999388791 | V23: Padre | W23: 0986144323 | X23: Otro familiar | Y23: Sergio Quirola | Z23: 5o EGB | AB23: NO
A24: 3 | B24: crisfernuez@gmail.com | C24: 2o | D24: B (vespertina) | E24: Campaña Núñez | F24: Lucia Guadalupe | H24: 1 | I24: violín | J24: Zumbana Quinapanta Santiago Maximiliano | K24: 1851311744 | L24: 42752 | M24: 8 | N24: Núñez Núñez | O24: Cristina Fernanda | P24: 1804611091 | Q24: Av.Julio Cesar Cañar y Pedro Hecheveria | R24: +59335017806 | S24: 0998832667 | T24: Madre del estudiante | U24: 0979125026 | V24: Padre | W24: 0979120030 | X24: Otro familiar | Y24: Unidad Educativa Bolivar | Z24: 4o EGB | AB24: NO
A25: 4 | B25: wilmagarces2014@gmail.com | C25: 2o | D25: B (vespertina) | E25: Chávez Garcés | F25: Ángel David | G25: 1 | I25: violín | J25: Zumbana Quinapanta Santiago Maximiliano | K25: 1851315190 | L25: 42765 | M25: 8 | N25: Garcés Herrera | O25: Wilma Mercedes | P25: 1802778454 | Q25: Calle Cartago y av. Indoamérica | S25: 0985113100 | T25: Madre del estudiante | U25: 0984668312 | V25: Padre | W25: 0999781215 | X25: Otro familiar | Y25: Unidad Educativa España | Z25: 4o EGB | AB25: NO
A26: 5 | B26: fer_srobles@hotmail.com | C26: 2o | D26: B (vespertina) | E26: Cruz Sotomayor | F26: Cayetano Javier | G26: 1 | I26: percusión | J26: Tapia García Kevin Paúl | K26: 1851386621 | L26: 43001 | M26: 7 | N26: Sotomayor Robles | O26: María Fernanda | P26: 1804144432 | Q26: Av. Albert Einstein y Jonás Salk conjunto Venecia, casa 6 externo | S26: 0984456234 | T26: Madre del estudiante | U26: 0984593351 | V26: otro familiar | W26: 0998164126 | X26: Otro familiar | Y26: Institución educativa La Merced | Z26: 3o EGB | AA26: Alergia a los bichos, mosquitos | AB26: NO
A27: 6 | B27: marthatipanluiza@gmail.com | C27: 2o | D27: B (vespertina) | E27: Gaibor Tipanluiza | F27: Nahomy Isabella | H27: 1 | I27: contrabajo | J27: Vasquez Sánchez David Hernán | K27: 1851304624 | L27: 42691 | M27: 8 | N27: Tipanluiza Ramírez | O27: Martha Susana | P27: 1802946457 | Q27: Conjunto Tulipanes la Península | R27: 2445083 | S27: 0983714129 | T27: Madre del estudiante | U27: 0983194425 | V27: Padre | W27: 0989857317 | X27: Otro familiar | Y27: UE Nueva Esperanza | Z27: 5o EGB | AB27: NO
A28: 7 | B28: mfm380146@gmail.com | C28: 2o | D28: B (vespertina) | E28: Guamán Flores | F28: Mathías Leonel | G28: 1 | I28: saxofon | J28: Arevalo Catañeda Angel Jorge | K28: 1758455750 | L28: 43087 | M28: 7 | N28: Flores Montenegro | O28: Mayra Adela | P28: 2100426853 | Q28: Av. Luís Pasteur y Surinam | S28: 0995597637 | T28: Madre del estudiante | U28: 0987070059 | V28: Padre | Y28: U. E. La Merced | Z28: 4o EGB
A29: 8 | B29: martinez2004karen@gmail.com | C29: 2o | D29: B (vespertina) | E29: Herrera Martínez | F29: María Alejandra | H29: 1 | I29: piano | J29: Quinapanta Tibán Angel Rodrigo | K29: 1851399889 | L29: 43076 | M29: 7 | N29: Martinez Valdiviezo | O29: Karina Alexandra | P29: 1805089669 | Q29: Antonio Ante y Febres Cordero | R29: 032445924 | S29: 0979262975 | T29: Madre del estudiante | U29: 0995832776 | V29: Padre | W29: 0984864949 | X29: Padre | Y29: Unidad educativa Manuela Espejo | Z29: 4o EGB | AB29: NO
A30: 9 | B30: anaguaman2024@gmail.com | C30: 2o | D30: B (vespertina) | E30: Maisanche Guaman | F30: Maykel Leonel | G30: 1 | I30: clarinete | J30: Guananga Aizabucha Javier Santiago | K30: 0550933204 | L30: 42844 | M30: 8 | N30: Guaman Chimbana | O30: Ana Lucia | P30: 1850311190 | Q30: Parroquia Constantino Fernandez Barrio San vicente | S30: 0994530363 | T30: Madre del estudiante | U30: 0959754546 | V30: Padre | W30: 0986708583 | X30: Otro familiar | Y30: Unidad Educativa Honorato Vasquez | Z30: 3o EGB | AB30: NO
A31: 10 | B31: anamarisolsalinasfreire@gmail.com | C31: 2o | D31: B (vespertina) | E31: Marfetán Salinas | F31: Andrea Belén | H31: 1 | I31: piano | J31: Díaz Loyola David Descartes | K31: 1851383586 | L31: 43018 | M31: 7 | N31: Salinas Freire | O31: Ana Marisol | P31: 1803017241 | Q31: Huachi Grande, Barrio Gran Colombia. Av. Atahualpa y hawai | R31: 00000000 | S31: 0994602389 | T31: Madre del estudiante | U31: 0999463698 | V31: Padre | W31: 0968351721 | X31: Otro familiar | Y31: Unidad Educativa Eugenio Espejo | Z31: 4o EGB | AB31: NO
A32: 11 | B32: gabbylo3ruby@gmail.com | C32: 2o | D32: B (vespertina) | E32: Martínez López | F32: Wendy Sofía | H32: 1 | I32: piano | J32: Caiza Caiza Roberto Carlos | K32: 1851277531 | L32: 42611 | M32: 8 | N32: López Guaño | O32: Gabriela López | P32: 1804636692 | Q32: Ingahurco | R32: 032452490 | S32: 0984001866 | T32: Madre del estudiante | U32: 0984306986 | V32: Padre | W32: 032452490 | X32: Otro familiar | Y32: Unidad Educativa " Bolívar" | Z32: 5o EGB | AB32: NO
A33: 12 | B33: patricia.d.espinoza.s@gmail.com | C33: 2o | D33: B (vespertina) | E33: Muzo Espinoza | F33: Paúl Alejandro | G33: 1 | I33: trompeta | J33: Pérez Mayorga Edwin Israel | K33: 1851390607 | L33: 43042 | M33: 8 | N33: Espinoza Silva | O33: Diane Patricia | P33: 1716547565 | Q33: Cervantes y Ernesto Alvarado | R33: 0984598996 | S33: 0984598996 | T33: Madre del estudiante | U33: 0995887999 | V33: Padre | W33: 0986008973 | X33: Otro familiar | Y33: Lasalle | Z33: 4o EGB | AA33: Rinitis alergica | AB33: NO
A34: 13 | B34: charlobelldyn@gmail.com | C34: 2o | D34: B (vespertina) | E34: Nuñez Conteron | F34: Yanniz Charlotte | H34: 1 | I34: piano | J34: Acosta Zagal Karolina | K34: 1851308013 | L34: 42738 | M34: 8 | N34: Conteron Jalca | O34: Ana Isabel | P34: 1803332673 | Q34: Av.Quiz Quiz y Cañaris Ciudadela San Antonio | R34: 032412115 | S34: 0998609682 | T34: Madre del estudiante | U34: 0987570469 | V34: otro familiar | W34: 0958796689 | X34: Otro familiar | Y34: Unidad Educativa Manuela Espejo | Z34: 4o EGB | AA34: Hidrocefalia Congenita | AB34: NO
A35: 14 | B35: josueo1790@gmail.com | C35: 2o | D35: B (vespertina) | E35: Ortiz Arias | F35: Josué Alexander | G35: 1 | I35: contrabajo | J35: Vasquez Sánchez David Hernán | K35: 1851388833 | L35: 43038 | M35: 7 | N35: Arias Durán | O35: Gabriela Cecilia | P35: 1804024022 | Q35: Patate, sector Patate viejo, vía a Baños km 2 | S35: 0959235268 | T35: Madre del estudiante | U35: 0981289885 | V35: Padre | Y35: Escuela de Educación Básica Patate | Z35: 4o EGB | AA35: Asma | AB35: NO
A36: 15 | B36: infoparedesmarco@gmail.com | C36: 2o | D36: B (vespertina) | E36: Paredes Crespo | F36: Josué Antonio | G36: 1 | I36: piano | J36: Chicaiza Yánez Jefferson Alexander | K36: 1851318244 | L36: 42775 | M36: 8 | N36: Paredes Chicaiza | O36: Marco Antonio | P36: 1803929825 | Q36: Av Atahualpa y Los Incas Pasaje | R36: 032400024 | S36: 983403396 | T36: Padre del estudiante | U36: 0998921972 | V36: Madre | W36: 0939728916 | X36: Estudiante | Y36: Unidad educativa Ambato | Z36: 4o EGB | AB36: NO
A37: 16 | B37: ger_sanchez39@hotmail.com | C37: 2o | D37: B (vespertina) | E37: Pérez Sánchez | F37: Isabella Sofía | H37: 1 | I37: piano | J37: Erazo Moreno Carlos Efrén | K37: 1851372720 | L37: 42979 | M37: 8 | N37: Sánchez Sánchez | O37: Germania Cumandá | P37: 1803736188 | Q37: Avellanas No. 21 y las Limas | R37: 032513199 | S37: 0995940789 | T37: Madre del estudiante | U37: 0995910279 | V37: Padre | W37: 0984073807 | X37: Otro familiar | Y37: Unidad Educativa Santo Domingo de Guazmán | Z37: 4o EGB | AA37: Acaros | AB37: NO
A38: 17 | B38: daygav@hotmail.com | C38: 2o | D38: B (vespertina) | E38: Ruiz Gavilanez | F38: Martín Emiliano | G38: 1 | I38: violín | J38: Amores Valdivieso Jenny Natividad | K38: 1851442945 | L38: 43242 | M38: 7 | N38: Gavilanez Reyes | O38: Dayana Elizabeth | P38: 1804538955 | Q38: Cevallos y Vargas Torres | R38: 032825364 | S38: 987285810 | T38: Madre del estudiante | U38: 0998062567 | V38: otro familiar | Y38: San Isidro Labrador | Z38: 3o EGB | AA38: No | AB38: NO
A39: 18 | B39: veritocv_18@hotmail.com | C39: 2o | D39: B (vespertina) | E39: Salazar Córdova | F39: Mathías Andrés | G39: 1 | I39: piano | J39: Chicaiza Orozco Marcelo Javier | K39: 1851310571 | L39: 42739 | M39: 8 | N39: Córdova Vivas | O39: Verónica Alexandra | P39: 1804173449 | Q39: Parroquia picaihua calle Moisés Sánchez y los cipreses | S39: 0984717254 | T39: Madre del estudiante | U39: 0995676418 | V39: Padre | W39: 0984041635 | X39: Otro familiar | Y39: Unidad educativa Francisco Flor | Z39: 3o EGB | AA39: Presenta Rinitis alérgica | AB39: NO
A40: 19 | B40: pilita-chavez1994@hotmail.com | C40: 2o | D40: B (vespertina) | E40: Sánchez Chávez | F40: Ana Paula | H40: 1 | I40: viola | J40: Jiménez Vega Mauricio Marmonte | K40: 1851319184 | L40: 42776 | M40: 8 | N40: Chávez Supe | O40: Monica Del Pilar | P40: 1805523469 | Q40: Andiglata | R40: 032864505 | S40: 0962922928 | T40: Madre del estudiante | U40: 0984418127 | V40: Padre | W40: 0998700631 | X40: Estudiante | Y40: Conservatorio Bolivar | Z40: 2o EGB | AB40: NO
A41: 20 | B41: nelsonyanez1992@gmail.com | C41: 2o | D41: B (vespertina) | E41: Yanez Rivera | F41: Maykel Isdrael | G41: 1 | I41: saxofon | J41: Arevalo Catañeda Angel Jorge | K41: 1851382752 | L41: 43014 | M41: 7 | N41: Yanez Bombon | O41: Nelson Armando | P41: 1805330303 | Q41: Parroquia Atahualpa | R41: 0996395403 | S41: 0996395403 | T41: Padre del estudiante | U41: 0998043625 | V41: Padre | W41: 0995773167 | X41: Madre | Y41: U.E. ATAHUALPA | Z41: 4o EGB | AB41: NO
G42: =SUM(G22:G41) -> 11 | H42: =SUM(H22:H41) -> 9
A44: No | B44: Dirección de correo electrónico | C44: CURSO | D44: PARALELO | E44: Apellidos del Estudiante | F44: Nombres del Estudiante | G44: M | H44: F | I44: Instrumento que estudia en el Conservatorio Bolívar | J44: Maestro de Instrumento | K44: Número de Cédula del Estudiante | L44: Fecha de Nacimiento del estudiante | M44: Edad | N44: Apellidos del Representante del Estudiante | O44: Nombres del Representante del Estudiante | P44: Número de cédula del Representante | Q44: Dirección | R44: Número telefónico convencional | S44: Número telefónico celular 1 | T44: Número telefónico celular 1 pertenece a | U44: Número Telefónico celular 2 | V44: Número Telefónico celular 2 a quien pertenece | W44: Número Telefónico celular 3 | X44: Número Telefónico Celular 3 a quien pertenece | Y44: Institución que estudia su formación regular | Z44: Año de Estudio en su formación Regular | AA44: ¿Existe alguna alergia/enfermedad/ condición del estudiante que la institución debe tener en cuenta durante clases? | AB44: Indique si su representado tiene alguna Necesidad Educativa no asociada a una discapacidad | AC44: Si respondió SI Indique cual es la necesidad educativa
A45: 1 | B45: natyb89paz@gmail.com | C45: 2o | D45: C (vespertina) | E45: Acosta Pazmiño | F45: Alejandra Victoria | H45: 1 | I45: violín | J45: Villena Cárdenas Maria Isabel | K45: 1851307767 | L45: 42738 | M45: 8 | N45: Pazmiño Verdezoto | O45: Barbara Nataly | P45: 0987029766 | Q45: Av. Pitágoras y Calle F | R45: 032763457 | S45: 0987029766 | T45: Madre del estudiante | U45: 0984217586 | V45: Madre | Y45: Unidad Educativa Carmen Barona | Z45: 4o EGB | AA45: No | AB45: NO
A46: 2 | B46: j17241666@gmail.com | C46: 2o | D46: C (vespertina) | E46: Aragón Peñafiel | F46: Didier Rubén | G46: 1 | I46: violín | J46: Villena Cárdenas Maria Isabel | K46: 1851269975 | L46: 42592 | M46: 8 | N46: Peñafiel Masabanda | O46: Jessica Estefania | P46: 1804310546 | Q46: Av. Manuela saenz y honorato vazquez | S46: 0995760086 | T46: Madre del estudiante | U46: 0984156014 | V46: Estudiante | W46: 0989239507 | X46: Padre | Y46: Unidad educativa Ambato | Z46: 4o EGB | AA46: No | AB46: NO
A47: 3 | B47: andreatrujillo.bb@gmail.com | C47: 2o | D47: C (vespertina) | E47: Calderón Trujillo | F47: Rodrigo Alejandro | G47: 1 | I47: trombón | J47: Peralta Aponte Christian Hernán | K47: 2351462565 | L47: 42805 | M47: 8 | N47: Trujillo Solórzano | O47: Andrea Margarita | P47: 1723391650 | Q47: Calle La Delicia 5-33 | R47: 2825740 | S47: 0996159650 | T47: Madre del estudiante | U47: 0984370859 | V47: Padre | Y47: U.E "La Merced" | Z47: 4o EGB | AB47: NO
A48: 4 | B48: alecavillacres87@gmail.com | C48: 2o | D48: C (vespertina) | E48: Chaglla Villacres | F48: Darla Angelina | H48: 1 | I48: piano | J48: Chicaiza Yánez Jefferson Alexander | K48: 1851381457 | L48: 43010 | M48: 7 | N48: Villacres Escalante | O48: Carolina Alexandra | P48: 1803808367 | Q48: Avd Bolivariana y Chile | S48: 0983921718 | T48: Madre del estudiante | U48: 0984211713 | V48: otro familiar | W48: 0963028903 | X48: Otro familiar | Y48: Hispano America | Z48: 4o EGB | AB48: NO
A49: 5 | B49: karlabarona2019@gmail.com | C49: 2o | D49: C (vespertina) | E49: Curay Barona | F49: Jaidy Kathleen | H49: 1 | I49: viola | J49: Sumbana Quinapanta Luis Enrique | K49: 1851396224 | L49: 43063 | M49: 7 | N49: Barona Zurita | O49: Karla Cumanda | P49: 1851036366 | Q49: Floreana y Cerro Negro | S49: 0962822271 | T49: Madre del estudiante | U49: +593 99 392 3512 | V49: Padre | Y49: Unidad Educativa Rumiñahui | Z49: 4o EGB | AB49: NO
A50: 6 | B50: paoacdg55paz@gmail.com | C50: 2o | D50: C (vespertina) | E50: Flores Acurio | F50: Doménica Carolina | H50: 1 | I50: violonchelo | J50: Peña Núñez Andrea Michelle | K50: 1851306108 | L50: 42670 | M50: 8 | N50: Acurio Pazmiño | O50: Jéssica Paola | P50: 1804716510 | Q50: Barrio La Concepción, calle Barranquilla y Sao Paulo, a una cuadra del conjunto Las Retamas | R50: 032854725 | S50: 0962688718 | T50: Madre del estudiante | U50: 0984170082 | V50: Padre | Y50: Unidad Educativa Nueva Era | Z50: 5o EGB | AA50: Rinosinusitis Alérgica | AB50: NO
A51: 7 | B51: consuelovelasteguip@gmail.com | C51: 2o | D51: C (vespertina) | E51: Flores Velastegui | F51: Maylin Ariana | H51: 1 | I51: violín | J51: Amores Valdivieso Jenny Natividad | K51: 1851275882 | L51: 42618 | M51: 8 | N51: Velastegui Peñaloza | O51: Teresa Consuelo | P51: 1804359410 | Q51: Colon 04-74 y Ayllón | R51: 0995450862 | S51: 0995450862 | T51: Madre del estudiante | U51: 0997386741 | V51: Padre | W51: 0987058774 | X51: Otro familiar | Y51: Unidad Educativa La Providencia | Z51: 5o EGB | AB51: NO
A52: 8 | B52: ksguaman15@gmail.com | C52: 2o | D52: C (vespertina) | E52: Guaman Chillo | F52: Ana Paula | H52: 1 | I52: violín | J52: Sumbana Quinapanta Luis Enrique | K52: 1851266419 | L52: 42585 | M52: 8 | N52: Chillo Agualongo | O52: Mirian Guadalupe | P52: 1204150864 | Q52: Ambato | R52: 0994715260 | S52: 0939234234 | T52: Madre del estudiante | U52: 0994715260 | V52: otro familiar | W52: 0939234234 | X52: Madre | Y52: Unidad Educativa Mario Cobo Barona | Z52: 5o EGB
A53: 9 | B53: raffa_guitarg@hotmail.com | C53: 2o | D53: C (vespertina) | E53: Guerrero Santana | F53: Martin Rafael | G53: 1 | I53: violín | J53: Jiménez Vega Mauricio Marmonte | K53: 1851337970 | L53: 42844 | M53: 8 | N53: Guerrero Romero | O53: Rafael | P53: 1803383593 | Q53: Shyris y santamaría | R53: 032528307 | S53: 984922040 | T53: Padre del estudiante | U53: 0992685827 | V53: Padre | Y53: Unidad Educativa Rodríguez Albornoz | Z53: 3o EGB | AA53: No | AB53: NO
A54: 10 | B54: ndavidgutierrezva@hotmail.com | C54: 2o | D54: C (vespertina) | E54: Gutiérrez Ajila | F54: Mateo David | G54: 1 | I54: contrabajo | J54: Vasquez Sánchez David Hernán | K54: 1851370088 | L54: 42963 | M54: 7 | N54: Gutiérrez Valle | O54: Nelson David | P54: 1804701397 | Q54: Ambato barrio el mirador | R54: 032450481 | S54: 0999959788 | T54: Padre del estudiante | U54: 0984370775 | V54: Madre | W54: 0962703757 | X54: Otro familiar | Y54: Unidad Educativa Luis A Martínez | Z54: 4o EGB | AB54: NO
A55: 11 | B55: danielherrera8427@gmail.com | C55: 2o | D55: C (vespertina) | E55: Herrera Morocho | F55: Juan Diego | G55: 1 | I55: violín | J55: Obando Mayorga Byron Geovanny | K55: 1851303649 | L55: 42719 | M55: 8 | N55: Herrera Tiban | O55: Wilson Daniel | P55: 1804549754 | Q55: La floresta | R55: 032842706 | S55: 0999957022 | T55: Padre del estudiante | U55: 0983732606 | V55: Madre | W55: 0999957021 | X55: Otro familiar | Y55: Rodríguez Albornoz | Z55: 3o EGB | AA55: No | AB55: NO
A56: 12 | B56: laimsusan@gmail.com | C56: 2o | D56: C (vespertina) | E56: Huayta Mundocorre | F56: Grace Anely | H56: 1 | I56: piano | J56: Caiza Caiza Roberto Carlos | K56: 1851302297 | L56: 42713 | M56: 8 | N56: Mundocorre Laime | O56: Grace Anely | P56: 1755095583 | Q56: Av. Victor Hugo y Tres Carabelas | S56: 0960820900 | T56: Madre del estudiante | U56: 0991377734 | V56: Padre | Y56: Home Life Academy | Z56: 4o EGB | AB56: NO
A57: 13 | B57: diannyrpc2008@hotmail.es | C57: 2o | D57: C (vespertina) | E57: Jimenez Paredes | F57: Daphne Victoria | H57: 1 | I57: violín | J57: Villena Cárdenas Maria Isabel | K57: 1851302149 | L57: 42711 | M57: 8 | N57: Paredes Carrasco | O57: Diana Ruth | P57: 1804665352 | Q57: macasto | R57: 000 | S57: 0996666362 | T57: Madre del estudiante | U57: 0984974804 | V57: Padre | W57: 0963893105 | X57: Otro familiar | Y57: Unidad Educativa Adventista | Z57: 5o EGB | AB57: NO
A58: 14 | B58: veroshambi2011@yahoo.com | C58: 2o | D58: C (vespertina) | E58: Masabanda Shambi | F58: Mateo Adrian | G58: 1 | I58: piano | J58: Quinapanta Tibán Angel Rodrigo | K58: 1851332344 | L58: 42824 | M58: 8 | N58: Shambi Minda | O58: Veronica del Pilar | P58: 1804018362 | Q58: Puruhaes 0224 entre Imbabura y saraguros | R58: 032412304 | S58: 0998349572 | T58: Madre del estudiante | U58: 0992218313 | V58: Padre | W58: 0984893887 | X58: Otro familiar | Y58: Unidad Educativa Luis A. Martinez Agropecuario | Z58: 4o EGB | AA58: Alergia a los Acaros | AB58: NO
A59: 15 | B59: vinimoposita@gmail.com | C59: 2o | D59: C (vespertina) | E59: Moposita Chango | F59: Daniela Abigail | H59: 1 | I59: violonchelo | J59: Peña Núñez Andrea Michelle | K59: 1851243376 | L59: 42494 | M59: 9 | N59: Moposita Pilataxi | O59: Edwin Vinicio | P59: 1803818929 | Q59: Pinllo Barrio El Ollero | R59: 032821751 | S59: 963344126 | T59: Padre del estudiante | U59: 999858390 | V59: Madre | Y59: Unidad Educativa RUMIÑAHUI | Z59: 4o EGB | AB59: NO
A60: 16 | B60: mariaduquesa.82@gmail.com | C60: 2o | D60: C (vespertina) | E60: Naranjo Duque | F60: Génesis Ariana | H60: 1 | I60: saxofón | J60: Arevalo Catañeda Angel Jorge | K60: 1851324119 | L60: 42797 | M60: 8 | N60: Duque Quishpe | O60: María Inelda | P60: 0503539611 | Q60: Huachi chico | R60: 2510278 | S60: 0995350633 | T60: Madre del estudiante | U60: 0979000950 | V60: Padre | W60: 0987794596 | X60: Otro familiar | Y60: Mario Cobo Barona | Z60: 4o EGB | AB60: NO
A61: 17 | B61: andresparedes@iavq.edu.ec | C61: 2o | D61: C (vespertina) | E61: Paredes Toasa | F61: Julián Emanuel | G61: 1 | I61: piano | J61: Acosta Zagal Karolina | K61: 1757565146 | L61: 42576 | M61: 9 | N61: Paredes Galarza | O61: Andrés Israel | P61: 1804815528 | Q61: Santa Rosa | R61: 032754431 | S61: 962292607 | T61: Padre del estudiante | U61: 0960135121 | V61: Madre | W61: 0995506313 | X61: Otro familiar | Y61: Unidad Educativa Celite | Z61: 5o EGB | AA61: No | AB61: NO
A62: 18 | B62: paoygod_7@hotmail.com | C62: 2o | D62: C (vespertina) | E62: Rosero Zurita | F62: Martina Salome | H62: 1 | I62: violín | J62: Jiménez Vega Mauricio Marmonte | K62: 1851373371 | L62: 42964 | M62: 7 | N62: Zurita Bombon | O62: Paola Salome | P62: 180376057 | Q62: Becquer y Gómez de la Serna | R62: 062997000 | S62: 0987813305 | T62: Madre del estudiante | U62: 0984934210 | V62: Padre | W62: 0995915048 | X62: Otro familiar | Y62: Unidad Educativa Ecuatoriano Holandes | Z62: 4o EGB | AB62: NO
A63: 19 | B63: mafer_conamor@hotmail.com | C63: 2o | D63: A (matutina) | E63: Santana Miranda | F63: Lesly Salome | H63: 1 | I63: piano | J63: Erazo Moreno Carlos Efrén | K63: 1851329746 | L63: 42814 | M63: 8 | N63: Miranda Diaz | O63: Fernanda Marcela | P63: 1804158267 | Q63: Cevallos y Francisco Flor | S63: 0984899105 | T63: Madre del estudiante | U63: 0958770874 | V63: otro familiar | W63: 0999712070 | X63: Otro familiar | Y63: U.E.Juan Montalvo | Z63: 4o EGB | AB63: NO
A64: 20 | B64: andysan37c@hotmail.com | C64: 2o | D64: C (vespertina) | E64: Villacís Sánchez | F64: Martín André | H64: 1 | I64: violín | J64: Obando Mayorga Byron Geovanny | K64: 1851365559 | L64: 42950 | M64: 7 | N64: Sánchez Solís | O64: Andrea Nataly | P64: 1804608097 | Q64: Amable Ortiz y Nelson Dueñas | R64: 032406793 | S64: 0962338090 | T64: Madre del estudiante | U64: +593 98-556-3942 | V64: otro familiar | Y64: UE González Suárez | Z64: 3o EGB | AB64: NO
A65: 21 | B65: cristinayrs@hotmail.com | C65: 2o | D65: C (vespertina) | E65: Villalva Reinoso | F65: Mayte Isabella | H65: 1 | I65: trombón | J65: Peralta Aponte Christian Hernán | K65: 1851310340 | L65: 42746 | M65: 8 | N65: Reinoso Salvador | O65: Cristina Yolanda | P65: 1804064846 | Q65: Parroquia Martinez | R65: 0032523234 | S65: 0984614227 | T65: Madre del estudiante | U65: 0995878511 | V65: otro familiar | W65: 0987265010 | X65: Padre | Y65: Escuela Carmen Barona | Z65: 4o EGB | AB65: NO
A66: 22 | B66: cristianyuquilema13@gmail.com | C66: 2o | D66: C (vespertina) | E66: Yuquilema Anilema | F66: Abraham Ezequiel | G66: 1 | I66: saxofon | J66: Arevalo Catañeda Angel Jorge | K66: 1851290799 | L66: 42671 | M66: 8 | N66: Yuquilema Guaylla | O66: Cristian Geovanny | P66: 1804580577 | Q66: Cristóbal Ojeda Dávila y Bolivariana | S66: 0988765838 | T66: Padre del estudiante | U66: 0999557784 | V66: Madre | Y66: Sergio Quirola | Z66: 5o EGB | AB66: NO
G67: =SUM(G45:G66) -> 8 | H67: =SUM(H45:H66) -> 14
A74: 5 | B74: chelita-77@hotmail.com | C74: 2o | D74: B (vespertina) | E74: Coral Narváez | F74: Sara Emilia | H74: 1 | I74: piano | J74: Quinapanta Tibán Angel Rodrigo | K74: 1851353522 | L74: 42904 | M74: 8 | N74: Narváez Botina | O74: Johana Marcela | P74: 1724317423 | Q74: Macasto valle hermoso lll casa G217 | R74: 032422219 | S74: 0995771637 | T74: Madre del estudiante | U74: 0995353143 | V74: Padre | Y74: Santo Domingo de Guzmán | Z74: 4o EGB | AA74: Alérgica a las fresas | AB74: NO

Sheet 3o
A1: No | B1: Dirección de correo electrónico | C1: Año de estudio | D1: PARALELO (señalar el mismo paralelo en el que estuvieron el año anterior) | E1: Apellidos del Estudiante | F1: Nombres del Estudiante | G1: M | H1: F | I1: Instrumento que estudia en el Conservatorio Bolívar | J1: Maestro de Instrumento | K1: Agrupación | L1: Fecha de Nacimiento del estudiante | M1: Edad del estudiante | N1: Apellidos del Representante del Estudiante | O1: Nombres del Representante del Estudiante | P1: Número de cédula del Representante | Q1: Dirección | R1: Número telefónico convencional | S1: Número telefónico celular 1 | T1: Número telefónico celular 1 pertenece a | U1: Número telefónico celular 2 | V1: Número celular 2 pertenece a | W1: Número telefónico celular 3 | X1: Número celular 3 pertenece a | Y1: Institución que estudia su formación regular | Z1: Año de Estudio en su formación Regular | AA1: ¿Existe alguna alergia/enfermedad/ condición del estudiante que la institución debe tener en cuenta durante clases? | AB1: Indique si su representado tiene alguna Necesidad Educativa no asociada a una discapacidad | AC1: Si respondió SI Indique cual es la necesidad educativa | AD1: Número de Cédula del Estudiante
A2: 1 | B2: alicia519.7148@gmail.com | C2: 3o | D2: A (matutina) | E2: Acosta Guamán | F2: Lucas Benjamín | G2: 1 | I2: Piano | J2: Solís Solís Juan Francisco | K2: Coro Matutino | L2: 42331 | M2: 9 | N2: Guaman Villacis | O2: Ibeth Alicia | P2: 1803578473 | Q2: Naranjillas y Guaytambos | S2: 099722002 | T2: Padre del estudiante | U2: 0988431247 | V2: Madre | W2: 0988431247 | X2: Madre | Y2: Homschooling | Z2: 5o EGB | AA2: Anemia, sangrados de nariz | AB2: NO
A3: 2 | B3: elymoretam2008@gmail.com | C3: 3o | D3: A (matutina) | E3: Aguilar Moreta | F3: Dylan Abiel | G3: 1 | I3: Saxofón | J3: Toapanta Arequipa Danny Alexander | K3: Orquesta matutina | L3: 42679 | M3: 8 | N3: Moreta Matsa | O3: Priscila Elizabeth | P3: 0999775513 | Q3: Miñarica 2 | R3: 032415801 | S3: 0999775513 | T3: Madre del estudiante | U3: 0979170913 | V3: otro familiar | W3: 0987766429 | X3: Padre | Y3: Unidad educativa Bolivar | Z3: 5o EGB | AA3: Colorantes y polvo | AB3: NO | AD3: 1851293165
A4: 3 | B4: losmensajeroskanito@hotmail.com | C4: 3o | D4: A (matutina) | E4: Caguana Yanchapanta | F4: Dulce Maria | H4: 1 | I4: Trompeta | J4: Amancha Hidalgo Félix Marcelo | K4: Orquesta matutina | L4: 42733 | M4: 8 | N4: Caguana Paucar | O4: Carlos Marcelo | P4: 1803567278 | Q4: Quisapincha | R4: 032772064 | S4: 0992541085 | T4: Padre del estudiante | U4: 0984218817 | V4: Madre | W4: 0961351050 | X4: otro familiar | Y4: Luis A. Martines | Z4: 5o EGB | AB4: NO | AD4: 1851315976
A5: 4 | B5: alex882023@hotmail.com | C5: 3o | D5: A (matutina) | E5: Cañar Machuca | F5: Christopher Ariel | G5: 1 | I5: Piano | J5: Quinapanta Tibán Angel Rodrigo | K5: Coro Matutino | L5: 42165 | M5: 10 | N5: Cañar Alarcón | O5: Darwin Alfredo | P5: 1803401536 | Q5: Eloy Alfaro y Bolivar | S5: 0993448933 | T5: Madre del estudiante | U5: 0939373957 | V5: Padre | W5: 0995000902 | X5: otro familiar | Y5: Unidad Educativa Bolivar | Z5: 6o EGB | AA5: Infección vías urinarias | AB5: NO | AD5: 1851163897
A6: 5 | B6: michelac80@hotmail.com | C6: 3o | D6: A (matutina) | E6: Coronel Cardenas | F6: Sol Maythe | H6: 1 | I6: Violín | J6: Jiménez Vega Mauricio Marmonte | K6: Orquesta matutina | L6: 42553 | M6: 9 | N6: Cardenas Palma | O6: Ivonne Mercedes | P6: 1803111192 | Q6: Huachi el Belén | R6: 0984009284 | S6: 0984009284 | T6: Madre del estudiante | U6: 0983532875 | V6: Padre | W6: 0983532875 | X6: Padre | Y6: Hispano America | Z6: 3o EGB | AB6: NO | AD6: 1851258358
A7: 6 | B7: pattyparedesjba@gmail.com | C7: 3o | D7: A (matutina) | E7: Cushpa Paredes | F7: Ángeles Daniela | H7: 1 | I7: Piano | J7: Solís Solís Juan Francisco | K7: Coro Matutino | L7: 42692 | M7: 8 | N7: Paredes Pimbo | O7: Patricia | P7: 1803625688 | Q7: Izamba | S7: 0983703545 | T7: Madre del estudiante | U7: 0984733797 | V7: Padre | W7: 0979026303 | X7: Estudiante | Y7: Unidad Educativa Juan Montalvo | Z7: 5o EGB | AB7: NO
A8: 7 | B8: jeanettealejo@hotmail.com | C8: 3o | D8: A (matutina) | E8: Hidalgo Escobar | F8: María Paz | H8: 1 | I8: Violín | J8: Jiménez Vega Mauricio Marmonte | K8: Orquesta matutina | L8: 42373 | M8: 9 | N8: Escobar Águila | O8: Elvia Jeanette | P8: 1804165593 | Q8: Huachi Grande, Barrio Gran Colombia. Calle Hawai y pasaje Idaho #83. A 2 cuadras de la gasolinera San Vicente. | R8: 032442053 | S8: 0984231024 | T8: Madre del estudiante | U8: 0995549043 | V8: otro familiar | W8: 0958744947 | X8: otro familiar | Y8: Unidad Educativa "Huachi Grande" | Z8: 5o EGB | AA8: Rinosinusitis aguda | AB8: NO
A9: 8 | B9: katymero1992@gmail.com | C9: 3o | D9: A (matutina) | E9: Iza mero | F9: Jesús Mathias | G9: 1 | I9: Piano | J9: Solís Solís Juan Francisco | K9: Coro Matutino | L9: 42340 | M9: 9 | N9: Mero Toalombo | O9: Katherin Lisbeth | P9: 1804831691 | Q9: Santa rosa | R9: 0995400424 | S9: 0995300424 | T9: Madre del estudiante | U9: 0991860928 | V9: Padre | W9: 0982687527 | X9: Estudiante | Y9: Mario cobo barona | Z9: 6o EGB | AA9: Posible caso de dixlecsia | AB9: SI | AC9: Posible caso de dixlecsia | AD9: 185119968-5
A10: 9 | B10: kleberlopez2012@hotmail.com | C10: 3o | D10: A (matutina) | E10: Lopez Andaluz | F10: Martin Alexander | G10: 1 | I10: Trompeta | J10: Amancha Hidalgo Félix Marcelo | K10: Orquesta matutina | L10: 42394 | M10: 9 | N10: Lopez Bonilla | O10: Kleber Martin | P10: 1803527157 | Q10: Sector Terremoto, paso lateral frente a los condominios "Alcala" | R10: 032763200 | S10: 0985414251 | T10: Padre del estudiante | U10: 0990821338 | V10: Madre | W10: 0999123660 | X10: otro familiar | Y10: Unidad Educativa "Guayaquil " | Z10: 5o EGB | AB10: NO
A11: 10 | B11: anitatituan225@gmail.com | C11: 3o | D11: A (matutina) | E11: Lozada Tituaña | F11: Samuel Benjamin | G11: 1 | I11: Trompeta | J11: Amancha Hidalgo Félix Marcelo | K11: Orquesta matutina | L11: 42488 | M11: 9 | N11: Tituaña Milan | O11: Ana Lucia | P11: 1802930121 | Q11: Av. Quito y 12 de Noviembre | S11: 0998513801 | T11: Madre del estudiante | U11: 0984518525 | V11: otro familiar | W11: 0968738158 | X11: otro familiar | Y11: Unidad Educativa Bolivar | Z11: 4o EGB | AB11: NO | AD11: 1851241230
A12: 11 | B12: villegaskrn300@gmail.com | C12: 3o | D12: A (matutina) | E12: Naranjo Meneses | F12: Scarlett Nahomi | H12: 1 | I12: Violín | J12: Jiménez Vega Mauricio Marmonte | K12: Orquesta matutina | L12: 42299 | M12: 9 | N12: Meneses Villegas | O12: Karen Ivonne | P12: 1804924650 | Q12: Huachi El Progreso | R12: 2408560 | S12: 0984478998 | T12: Madre del estudiante | U12: 0984209219 | V12: Padre | W12: 0983568488 | X12: otro familiar | Y12: Unidad Educativa Bolívar | Z12: 6o EGB | AB12: NO
A13: 12 | B13: minimarket.jv.quis@gmail.com | C13: 3o | D13: A (matutina) | E13: Olovacha Tubon | F13: José Andrés | G13: 1 | I13: Saxofón | J13: Toapanta Arequipa Danny Alexander | K13: Orquesta matutina | L13: 42522 | M13: 9 | N13: Olovacha Tubon | O13: Soraida Vanessa | P13: 0987517351 | Q13: Quisapincha barrio l centro | S13: 0984928053 | T13: Madre del estudiante | W13: 0999368290 | X13: otro familiar | Y13: Juan Montalvo | Z13: 5o EGB | AB13: NO
A14: 13 | B14: ximenamoposita@gmail.com | C14: 3o | D14: A (matutina) | E14: Pullutasig Moposita | F14: Mathias Jesús | G14: 1 | I14: Piano | J14: Quinapanta Tibán Angel Rodrigo | K14: Coro Matutino | L14: 42399 | M14: 9 | N14: MOPOSITA COCHA | O14: Ximena Alexandra | P14: 1803954724 | Q14: La Península | R14: 032445231 | S14: 09877978900 | T14: Madre del estudiante | U14: 0999015889 | V14: otro familiar | W14: 0 99 259 8648 | X14: otro familiar | Y14: U.E. Juan Montalvo | Z14: 5o EGB | AB14: NO | AD14: 1851216513
A15: 14 | B15: alexandraguaman833@gmail.com | C15: 3o | D15: A (matutina) | E15: Punina Guaman | F15: Adonis Jared | G15: 1 | I15: Saxofón | J15: Toapanta Arequipa Danny Alexander | K15: Orquesta matutina | L15: 42676 | M15: 8 | N15: Guaman Gavilanez | O15: Gabriela Alexandra | P15: 1804444337 | Q15: Alobamba | R15: 032754696 | S15: 978788131 | T15: Madre del estudiante | U15: 0996408671 | V15: otro familiar | W15: 000000000 | X15: otro familiar | Y15: Unidad Educativa Bolivar | Z15: 5o EGB | AD15: 1851292118
A16: 15 | B16: jq92406@gmail.com | C16: 3o | D16: A (matutina) | E16: Quispe Ayuquina | F16: Lourdes Ayme | H16: 1 | I16: Trompeta | J16: Amancha Hidalgo Félix Marcelo | K16: Orquesta matutina | L16: 42490 | M16: 9 | N16: Ayuquina Lagua | O16: Blanca Delfina | P16: 1803934437 | Q16: Caserio Lacon | S16: 986554152 | T16: Padre del estudiante | U16: 981114127 | V16: otro familiar | W16: 997578738 | X16: Madre | Y16: Unida Educativa Juan Benigno Vela | Z16: 5o EGB | AA16: No | AB16: NO | AD16: 1850486604
A17: 16 | B17: marisoltoasa.mt@gmail.com | C17: 3o | D17: A (matutina) | E17: Quispe Toasa | F17: Ian Gael | G17: 1 | I17: Violín | J17: Gutama Galan Juan Diego | K17: Orquesta matutina | L17: 42245 | M17: 9 | N17: Toasa Aldas | O17: Marisol Alejandra | P17: 1803582152 | Q17: Pinllo barrio Andiglata | R17: 000000 | S17: 0998786172 | T17: Madre del estudiante | U17: 0999571966 | V17: Padre | W17: 0986208010 | X17: otro familiar | Y17: Unidad Educativa Bolivar | Z17: 5o EGB | AB17: NO
A18: 17 | B18: santianaj78@gmail.com | C18: 3o | D18: A (matutina) | E18: Villacres Santiana | F18: Genesis Elizabeth | H18: 1 | I18: Piano | J18: Chicaiza Orozco Marcelo Javier | K18: Coro Matutino | L18: 42220 | M18: 9 | N18: Santiana Oñate | O18: Jessica Angélica | P18: 1805020748 | Q18: Mall de los Andes | S18: 998004351 | T18: Madre del estudiante | U18: 0983611858 | V18: otro familiar | W18: 0983880458 | X18: Estudiante | Y18: MARIO COBO BARONA | Z18: 6o EGB | AB18: NO | AD18: 1851185015
A19: 18 | B19: Christian_villalv@yahoo.com | C19: 3o | D19: B (vespertina) | E19: Villalva Pinto | F19: Diogo Alexander | G19: 1 | I19: Piano | J19: Pérez Toapanta Diego Armando | K19: Coro (estudiantes de piano) | L19: 42350 | M19: 9 | N19: Villalva González | O19: Christian Daniel | P19: 1804731840 | Q19: 1ra Imprenta y Tomás Sevilla | S19: 0998338462 | T19: Padre del estudiante | U19: 0983499992 | V19: otro familiar | W19: 0991856607 | X19: otro familiar | Y19: Pedro Fermín Cevallos | Z19: 6o EGB
G20: =SUM(G2:G19) -> 11 | H20: =SUM(H2:H18) -> 7
A22: No | B22: Dirección de correo electrónico | C22: Año de estudio | D22: PARALELO (señalar el mismo paralelo en el que estuvieron el año anterior) | E22: Apellidos del Estudiante | F22: Nombres del Estudiante | G22: M | H22: F | I22: Instrumento que estudia en el Conservatorio Bolívar | J22: Maestro de Instrumento | K22: Agrupación | L22: Fecha de Nacimiento del estudiante | M22: Edad del estudiante | N22: Apellidos del Representante del Estudiante | O22: Nombres del Representante del Estudiante | P22: Número de cédula del Representante | Q22: Dirección | R22: Número telefónico convencional | S22: Número telefónico celular 1 | T22: Número telefónico celular 1 pertenece a | U22: Número telefónico celular 2 | V22: Número celular 2 pertenece a | W22: Número telefónico celular 3 | X22: Número celular 3 pertenece a | Y22: Institución que estudia su formación regular | Z22: Año de Estudio en su formación Regular | AA22: ¿Existe alguna alergia/enfermedad/ condición del estudiante que la institución debe tener en cuenta durante clases? | AB22: Indique si su representado tiene alguna Necesidad Educativa no asociada a una discapacidad | AC22: Si respondió SI Indique cual es la necesidad educativa | AD22: Número de Cédula del Estudiante
A23: 1 | B23: lorecastilloch@gmail.com | C23: 3o | D23: B (vespertina) | E23: Altamirano Castillo | F23: Arelys Macarena | H23: 1 | I23: Violín | J23: Amores Valdivieso Jenny Natividad | K23: Orquesta de cuerdas frotadas (violín, viola, violonchelo, contrabajo) | L23: 42548 | M23: 9 | N23: Castillo Chaglla | O23: Lorena Ivonne | P23: 1803551355 | Q23: Av. Manuelita Saenz y Miguel de Cervantes | S23: 0987828603 | T23: Madre del estudiante | U23: 0992729102 | V23: Padre | W23: 0987828603 | X23: Madre | Y23: U. E. Santo Domingo de Guzmán Ambato | Z23: 5o EGB | AB23: NO | AD23: 1851257574
A24: 2 | B24: claudia_elizt@yahoo.com | C24: 3o | D24: B (vespertina) | E24: Amancha Montesdeoca | F24: Dylan Gael | G24: 1 | I24: Guitarra | J24: Chicaiza Cuenca Rubén Geovany | K24: Ensamble de guitarras | L24: 42727 | M24: 8 | N24: Montesdeoca Espin | O24: Claudia Elizabeth | P24: 1600299539 | Q24: Cdla España entre Málaga y Valencia | R24: 032415989 | S24: 0998553363 | T24: Madre del estudiante | U24: 0998757686 | V24: Padre | W24: 0998788906 | X24: otro familiar | Y24: UNIDAD EDUCATIVA GONZALEZ SUAREZ | Z24: 5o EGB | AB24: NO | AD24: 1851305514
A25: 3 | B25: luisdanielanilema@gmail.com | C25: 3o | D25: B (vespertina) | E25: Anilema Yuquilema | F25: Mathias Grabriel | G25: 1 | I25: Piano | J25: De la Cruz Changalombo Jorge Ramiro | K25: Coro (estudiantes de piano) | L25: 42444 | M25: 9 | N25: Anilema Guacho | O25: Luis | P25: 1804205068 | Q25: Av bolivariana y Cristóbal Ojeda | S25: 0991883904 | T25: Padre del estudiante | U25: 0994409433 | V25: Madre | W25: 0999175845 | X25: otro familiar | Y25: Luis A Martinez | Z25: 5o EGB | AD25: 1851237238
A26: 4 | B26: mischiquitinescdi@gmail.com | C26: 3o | D26: B (vespertina) | E26: Cevallos Gavilanes | F26: Santiago David | G26: 1 | I26: Piano | J26: Solís Solís Juan Francisco | K26: Coro (estudiantes de piano) | L26: 42248 | M26: 9 | N26: Cevallos Carrillo | O26: Freddy Santiago | P26: 1803047180 | Q26: Cdla. Oscus. Ortega Gasset y Delibes. Casa blanca con negro frente al parque infantil. Sector Paseo Shopping. | S26: 0998903816 | T26: Padre del estudiante | V26: Padre | W26: 0984056679 | X26: Madre | Y26: ACE School of tomorrow | Z26: 5o EGB | AB26: NO | AD26: 1851190809
A27: 5 | B27: patricia1992chicaiza@gmail.com | C27: 3o | D27: B (vespertina) | E27: Curillo Chipantiza | F27: Josue Aaron | G27: 1 | I27: Piano | J27: Caiza Caiza Roberto Carlos | K27: Coro (estudiantes de piano) | L27: 42469 | M27: 9 | N27: Chipantiza Chicaiza | O27: Blanca Patricia | P27: 1805295928 | Q27: Chambiato | R27: 0962606990 | S27: 0959856203 | T27: Madre del estudiante | U27: 0959856203 | V27: Madre | W27: 0962606990 | X27: otro familiar | Y27: U.E Gabriela Mistral | Z27: 4o EGB | AB27: NO
A28: 6 | B28: paulytorres2011@hotmail.com | C28: 3o | D28: B (vespertina) | E28: Ipiales Torres | F28: Marco Emilio | G28: 1 | I28: Guitarra | J28: Chicaiza Cuenca Rubén Geovany | K28: Ensamble de guitarras | L28: 42307 | M28: 9 | N28: Torres ALdaz | O28: Andrea Paulina | P28: 1804606208 | Q28: Huachi El Belén | R28: 2441106 | S28: 0980735187 | T28: Madre del estudiante | U28: 0994377652 | V28: Padre | W28: 0984717759 | X28: otro familiar | Y28: Manuela Espejo | Z28: 6o EGB | AB28: NO | AD28: 1851191765
A29: 7 | B29: juanys2404@gmail.com | C29: 3o | D29: B (vespertina) | E29: Morocho Chuqui | F29: Paula Thais | H29: 1 | I29: Guitarra | J29: Cumbicos Macas José Luis | K29: Ensamble de guitarras | L29: 45693 | M29: 9 | N29: Chuqui Guacho | O29: Juana | P29: 1803107885 | Q29: Av. Julio Jaramillo S/N y Pasaje Feraúd Guzmán | R29: 032511103 | S29: 0995765376 | T29: Madre del estudiante | U29: 0984030705 | V29: Padre | W29: 0981183839 | X29: otro familiar | Y29: Unidad Educativa Francisco Flor | Z29: 5o EGB | AA29: Alérgica a los colorantes | AB29: NO | AD29: 1851218469
A30: 8 | B30: david-mabe@hotmail.com | C30: 3o | D30: B (vespertina) | E30: Nuñez Chávez | F30: Martin David | G30: 1 | I30: Piano | J30: Solís Solís Juan Francisco | K30: Coro (estudiantes de piano) | L30: 42514 | M30: 9 | N30: Chávez Zambrano | O30: Bertha María | P30: 0201794195 | Q30: Macasto sector valle hermoso conjunto horizonte casa #87 | R30: 032511956 | S30: 0969940729 | T30: Madre del estudiante | U30: 0999833683 | V30: Padre | W30: 0959232071 | X30: otro familiar | Y30: UE Eduardo Reyes Naranjo | Z30: 5o EGB | AA30: Ninguna | AB30: NO | AC30: Sin novedad
A31: 9 | B31: wendy.simba.10@gmail.com | C31: 3o | D31: B (vespertina) | E31: Rios Simba | F31: Emiliana Hadasa | H31: 1 | I31: Violín | J31: Amores Valdivieso Jenny Natividad | K31: Orquesta de cuerdas frotadas (violín, viola, violonchelo, contrabajo) | L31: 42723 | M31: 8 | N31: Simba Chasipanta | O31: Wendy Simba | P31: 1723035125 | Q31: Ambato | S31: 0995254864 | T31: Madre del estudiante | U31: 0961180539 | V31: Padre | W31: 0962159109 | X31: otro familiar | Y31: Unidad Educativa La Merced | Z31: 5o EGB | AD31: 1757832884
A32: 10 | B32: silviaf.f1990@gmail.com | C32: 3o | D32: B (vespertina) | E32: Solis Jerez | F32: Jared Sebastián | G32: 1 | I32: Saxofón | J32: Arevalo Catañeda Angel Jorge | K32: Ensamble de vientos (saxofón, clarinete, trompeta, trombón) | L32: 42151 | M32: 10 | N32: Jerez Junta | O32: Silvia Fernanda | P32: 1804247466 | Q32: Av. Los Chasquis e Isidro Viteri | S32: 0998623812 | T32: Madre del estudiante | U32: 0987221588 | V32: Padre | W32: 0998623812 | X32: Madre | Y32: Unidad Educativa Bolívar | Z32: 6o EGB
A33: 11 | B33: alejandrabarona1992@gmail.com | C33: 3o | D33: B (vespertina) | E33: Tapia Barona | F33: Dana Sahyri | H33: 1 | I33: Percusión | J33: Tapia García Kevin Paúl | K33: Orquesta de cuerdas frotadas (violín, viola, violonchelo, contrabajo) | L33: 42046 | M33: 10 | N33: Barona Zurita | O33: Alejandra Dominique | P33: 1804505905 | Q33: Floreana y cerro negro | R33: 0 | S33: 0998674834 | T33: Madre del estudiante | U33: 0998233215 | V33: Padre | W33: 0962822271 | X33: otro familiar | Y33: Rumiñahui | Z33: 6o EGB | AB33: NO
A34: 12 | B34: josetipan@hotmail.com | C34: 3o | D34: B (vespertina) | E34: Tipán Chalán | F34: Josué Benjamín | G34: 1 | I34: Violín | J34: Amores Valdivieso Jenny Natividad | K34: Orquesta de cuerdas frotadas (violín, viola, violonchelo, contrabajo) | L34: 42497 | M34: 9 | N34: Tipán Chango | O34: Segundo José | P34: 1803010618 | Q34: Gonzales Suarez y Vicente Rocafuerte | R34: 032525621 | S34: 0995390760 | T34: Padre del estudiante | U34: 0980232932 | V34: Madre | W34: 0000000000 | X34: otro familiar | Y34: UE Juan León Mera - La Salle | Z34: 5o EGB | AA34: Ninguno | AB34: NO | AD34: 1851243954
A35: 13 | B35: carmita_isabel@yahoo.com | C35: 3o | D35: B (vespertina) | E35: Tipan Toalombo | F35: Alan Samuel | G35: 1 | I35: Violín | J35: Villena Cárdenas Maria Isabel | K35: Orquesta de cuerdas frotadas (violín, viola, violonchelo, contrabajo) | L35: 42285 | M35: 9 | N35: Toalombo Chicaiza | O35: Carmen Isabel | P35: 1804172854 | Q35: Ambato Parroquia Juan Benigno Vela | S35: 0939218085 | T35: Madre del estudiante | U35: 0957988856 | V35: Padre | W35: 0967988856 | X35: Padre | Y35: Unidad Educativa Luis .A .Martinez | Z35: 6o EGB | AB35: NO
A36: 14 | B36: coralejahermosa123@gmail.com | C36: 3o | D36: B (vespertina) | E36: Tustón Lucero | F36: Leandro Gael | G36: 1 | I36: Percusión | J36: Tapia García Kevin Paúl | K36: Orquesta de cuerdas frotadas (violín, viola, violonchelo, contrabajo) | L36: 42260 | M36: 10 | N36: Lucero | O36: Marcela | P36: 1804250932 | Q36: Pichincha alta y Cotopaxi | S36: 987492238 | T36: Madre del estudiante | U36: 995702577 | V36: otro familiar | W36: 987759947 | X36: otro familiar | Y36: González Suárez | Z36: 6o EGB | AB36: NO | AD36: 1851187029
A37: 15 | B37: loren26062012@gmail.com | C37: 3o | D37: B (vespertina) | E37: Valle Ortiz | F37: Ana Paula | H37: 1 | I37: Piano | J37: Acosta Zagal Karolina | K37: Coro (estudiantes de piano) | L37: 42705 | M37: 8 | N37: Ortiz Toscano | O37: Ligia Lorena | P37: 1804157467 | Q37: PSJ.JUAN ABEL ECHEVERRÍA Y GONZALO ESCUDERO | S37: 0984739236 | T37: Madre del estudiante | U37: 0987677823 | V37: otro familiar | W37: 0998597379 | X37: Padre | Y37: UK International School | Z37: 5o EGB | AA37: TDAH | AB37: SI | AC37: TDAH Transtorno de Deficit de atención con Hiperactividad moderada | AD37: 1757798622
G38: =SUM(G22:G37) -> 10 | H38: 5
A40: No | B40: Dirección de correo electrónico | C40: Año de estudio | D40: PARALELO (señalar el mismo paralelo en el que estuvieron el año anterior) | E40: Apellidos del Estudiante | F40: Nombres del Estudiante | G40: M | H40: F | I40: Instrumento que estudia en el Conservatorio Bolívar | J40: Maestro de Instrumento | K40: Agrupación | L40: Fecha de Nacimiento del estudiante | M40: Edad del estudiante | N40: Apellidos del Representante del Estudiante | O40: Nombres del Representante del Estudiante | P40: Número de cédula del Representante | Q40: Dirección | R40: Número telefónico convencional | S40: Número telefónico celular 1 | T40: Número telefónico celular 1 pertenece a | U40: Número telefónico celular 2 | V40: Número celular 2 pertenece a | W40: Número telefónico celular 3 | X40: Número celular 3 pertenece a | Y40: Institución que estudia su formación regular | Z40: Año de Estudio en su formación Regular | AA40: ¿Existe alguna alergia/enfermedad/ condición del estudiante que la institución debe tener en cuenta durante clases? | AB40: Indique si su representado tiene alguna Necesidad Educativa no asociada a una discapacidad | AC40: Si respondió SI Indique cual es la necesidad educativa | AD40: Número de Cédula del Estudiante
A42: 1 | B42: monisgonzalez1987@gmail.com | C42: 3o | D42: C (vespertina) | E42: Andachi González | F42: Carlos Ariel | G42: 1 | I42: Violín | J42: Sumbana Quinapanta Luis Enrique | K42: Orquesta de cuerdas frotadas (violín, viola, violonchelo, contrabajo) | L42: 42557 | M42: 9 | N42: González Meza | O42: Mariela Roxanna | P42: 1312734427 | Q42: Ciudadela España calle Lérida | R42: 032419553 | S42: 969729390 | T42: Madre del estudiante | U42: 0982693639 | V42: Padre | W42: 0982693638 | X42: Padre | Y42: La Merced | Z42: 5o EGB | AA42: Ninguna | AB42: NO
A43: 2 | B43: omarandaluz@yahoo.es | C43: 3o | D43: C (vespertina) | E43: Andaluz Coba | F43: Anton Jhosmar | G43: 1 | I43: Trombón | J43: Peralta Aponte Christian Hernán | K43: Ensamble de vientos (saxofón, clarinete, trompeta, trombón) | L43: 42773 | M43: 8 | N43: Andaluz Pillapa | O43: Edgar Omar | P43: 1803205879 | Q43: Pelileo Barrio Central | R43: 00 | S43: 0998904642 | T43: Padre del estudiante | U43: 0984947996 | V43: Madre | W43: 0984005054 | X43: otro familiar | Y43: UE Gabriela Mistral | Z43: 4o EGB | AB43: NO | AD43: 1851317360
A44: 3 | B44: diego.t77@hotmail.com | C44: 3o | D44: C (vespertina) | E44: Cambo Cuji | F44: Keyla Lucíana | H44: 1 | I44: Violín | J44: Zumbana Quinapanta Santiago Maximiliano | K44: Orquesta de cuerdas frotadas (violín, viola, violonchelo, contrabajo) | L44: 42583 | M44: 8 | N44: Cuji Toasa | O44: Lucia Mariela | P44: 1803338340 | Q44: La Matriz | S44: 999739510 | T44: Padre del estudiante | U44: 0998869358 | V44: Madre | W44: 0979086331 | X44: otro familiar | Y44: Bolivar | Z44: 4o EGB | AB44: NO | AD44: 1851265858
A45: 4 | B45: aguaguinapaulina@gmail.com | C45: 3o | D45: C (vespertina) | E45: Carvajal Aguaguiña | F45: Andrea Mayte | H45: 1 | I45: Piano | J45: Díaz Loyola David Descartes | K45: Coro (estudiantes de piano) | L45: 42181 | M45: 10 | N45: Aguaguiña Pilla | O45: Mirian Paulina | P45: 1804015939 | Q45: Los Chassquis y Arosemena Tola - Ambato | S45: 0984281675 | T45: Madre del estudiante | U45: 0983491357 | V45: Padre | W45: 0992568671 | X45: otro familiar | Y45: Unidad Educativa Juan León Mera La Salle | Z45: 6o EGB | AB45: NO | AD45: 185115980-4
A46: 5 | B46: flakitoharrypotter@gmail.com | C46: 3o | D46: C (vespertina) | E46: Casa Martínez | F46: Adrián Alexander | G46: 1 | I46: Trompeta | J46: Pérez Mayorga Edwin Israel | K46: Ensamble de vientos (saxofón, clarinete, trompeta, trombón) | L46: 42528 | M46: 9 | N46: Casa Sánchez | O46: Edison Fabián | P46: 1804366308 | Q46: Quero | S46: 0967120205 | T46: Padre del estudiante | U46: 0968646844 | V46: Madre | W46: 0982118528 | X46: Padre | Y46: U.E. 17 de abril | Z46: 5o EGB | AB46: NO | AD46: 1851252443
A47: 6 | B47: jane1992ani@gmail.com | C47: 3o | D47: C (vespertina) | E47: Chuqui Anilema | F47: Dante Zaed | G47: 1 | I47: Viola | J47: Jiménez Vega Mauricio Marmonte | K47: Orquesta de cuerdas frotadas (violín, viola, violonchelo, contrabajo) | L47: 42319 | M47: 9 | N47: Anilema Guacho | O47: Jeaneth Luisa | P47: 1804646329 | Q47: Barrio solis | S47: 0987776524 | T47: Madre del estudiante | U47: 0967638844 | V47: Estudiante | W47: 0000000 | X47: otro familiar | Y47: Francisco Flor | Z47: 6o EGB | AA47: No | AB47: NO
A48: 7 | B48: angieabr17l@hotmail.com | C48: 3o | D48: C (vespertina) | E48: Gaibor Abril | F48: Ariana Polette | G48: 1 | I48: Viloncello | J48: Peña Núñez Andrea Michelle | K48: Orquesta de cuerdas frotadas (violín, viola, violonchelo, contrabajo) | L48: 42189 | M48: 10 | N48: Abril Torres | O48: Inés de los Ángeles | P48: 1804148854 | Q48: Av. Los Incas y Quimbalembo | R48: 0000 | S48: 0999935413 | T48: Madre del estudiante | U48: 0999236542 | V48: Padre | W48: 098727619 | X48: otro familiar | Y48: Unidad Educativa Pedro Fermin Cevallos | Z48: 6o EGB | AA48: Alergia a los ácaros | AB48: NO
A49: 8 | B49: blnmorenita@gmail.com | C49: 3o | D49: C (vespertina) | E49: Garcés Jerez | F49: Joseph William | G49: 1 | I49: Guitarra | J49: Cumbicos Macas José Luis | K49: Ensamble de guitarras | L49: 42361 | M49: 9 | N49: Jerez Valle | O49: Estefanía Belén | P49: 1804762837 | Q49: Cdla.Alborada | R49: 0984629652 | S49: 0983871215 | T49: Madre del estudiante | U49: 0963889294 | V49: Padre | W49: 0998552619 | X49: otro familiar | Y49: Unidad educativa Bautista | Z49: 5o EGB | AA49: Rinitis alérgica y piel Atópica | AB49: NO | AD49: 1851212181
A50: 9 | B50: tierna_paver@hotmail.com | C50: 3o | D50: C (vespertina) | E50: Gavilanes Pinto | F50: Erick Kalel | G50: 1 | I50: Flauta Traversa | J50: Nuñez Cunalata Zoila Delia | K50: Ensamble de Flautas traversas | L50: 42548 | M50: 9 | N50: Pinto Ortiz | O50: Verónica Paulina | P50: 1804394672 | Q50: La Península | S50: 0995944414 | T50: Madre del estudiante | U50: 0983918995 | V50: Padre | W50: 0958739683 | X50: otro familiar | Y50: U.E. Teresa Flor | Z50: 5o EGB | AD50: 1851257020
A51: 10 | B51: diegomanya504@gmail.com | C51: 3o | D51: C (vespertina) | E51: Manya Santiago | F51: Eliel Armando | G51: 1 | I51: Piano | J51: Pérez Toapanta Diego Armando | K51: Coro (estudiantes de piano) | L51: 42604 | M51: 8 | N51: Manya Cepeda | O51: Diego Armando | P51: 1803685385 | Q51: Terremoto | S51: 993380126 | T51: Padre del estudiante | U51: 0985312487 | V51: Madre | W51: 0994600430 | X51: otro familiar | Y51: Teresa Flor | Z51: 3o EGB | AB51: NO | AD51: 1851270791
A52: 11 | B52: lascanokarina27@gmail.com | C52: 3o | D52: C (vespertina) | E52: Ochoa Lascano | F52: Fernando Ariel | G52: 1 | I52: Saxofón | J52: Arevalo Catañeda Angel Jorge | K52: Ensamble de vientos (saxofón, clarinete, trompeta, trombón) | L52: 42913 | M52: 9 | N52: Lascano Peñaloza | O52: Karina Lizbeth | P52: 1850103449 | Q52: Izamba | S52: 0983211021 | T52: Padre del estudiante | U52: 099280845 | V52: Madre | W52: 0983211021 | X52: Padre | Y52: Augusto Martínez | Z52: 4o EGB | AA52: No | AB52: NO | AD52: 1850103449
A53: 12 | B53: tamayo2188@gmail.com | C53: 3o | D53: C (vespertina) | E53: Paz Tamayo | F53: Marcus Evan | G53: 1 | I53: Piano | J53: Caiza Caiza Roberto Carlos | K53: Coro (estudiantes de piano) | L53: 42190 | M53: 10 | N53: Tamayo Carrasco | O53: Diana Patricia | P53: 1804230447 | Q53: Av. Victor Hugo y batalla de Pichincha | R53: 2409118 | S53: 0984946034 | T53: Madre del estudiante | U53: 0992976539 | V53: Padre | W53: 0996238668 | X53: otro familiar | Y53: Unidad educativa provincia de Chimborazo | Z53: 6o EGB | AA53: No | AB53: NO | AD53: 1851156537
A54: 13 | B54: victoriaebonilla@outlook.es | C54: 3o | D54: C (vespertina) | E54: Portero Escudero | F54: Violeta Franchezka | H54: 1 | I54: Violín | J54: Sumbana Quinapanta Luis Enrique | K54: Orquesta de cuerdas frotadas (violín, viola, violonchelo, contrabajo) | L54: 42156 | M54: 10 | N54: Escudero Bonilla | O54: Victoria Isabel | P54: 1804192530 | Q54: Tisaleo -Alobamba | R54: 032456014 | S54: 0982281170 | T54: Madre del estudiante | U54: 0984630325 | V54: otro familiar | W54: 09987027558 | X54: Padre | Y54: Unidad Educativa Pedro F Cevallos | Z54: 6o EGB | AB54: NO
A55: 14 | B55: fe2766lixx@hotmail.com | C55: 3o | D55: C (vespertina) | E55: Reinoso Proaño | F55: Danna Rafaela | H55: 1 | I55: Violín | J55: Sumbana Quinapanta Luis Enrique | K55: Orquesta de cuerdas frotadas (violín, viola, violonchelo, contrabajo) | L55: 42427 | M55: 9 | N55: Reinoso Soria | O55: Félix Saúl | P55: 1803666500 | Q55: Ambato, Izquieta Perez y Vicente Navarrete, Conjunto Cashapmaba del Valle casa 36 | R55: 0000000000 | S55: 0996184604 | T55: Padre del estudiante | U55: 0982486994 | V55: Madre | W55: 0998670052 | X55: otro familiar | Y55: Unidad eduicativa Nuevo Mundo | Z55: 5o EGB | AB55: NO
A56: 15 | B56: clarita_villacres@hotmail.com | C56: 3o | D56: C (vespertina) | E56: Sailema Villacres | F56: Adrián de Jesús | G56: 1 | I56: Violín | J56: Zumbana Quinapanta Santiago Maximiliano | K56: Orquesta de cuerdas frotadas (violín, viola, violonchelo, contrabajo) | L56: 42494 | M56: 9 | N56: Sailema Quilapanta | O56: Luis Eduardo | P56: 1803838372 | Q56: Avda Galo Vela y Paltacalo | R56: 032408586 | S56: 0979018816 | T56: Madre del estudiante | U56: 0987997113 | V56: Padre | W56: 0983000118 | X56: otro familiar | Y56: Unidad educativa Juan Montalvo | Z56: 5o EGB | AB56: NO
A57: 16 | B57: asamnoson@yahoo.com | C57: 3o | D57: C (vespertina) | E57: Shyhua Ramos | F57: Yanua Jahel | H57: 1 | I57: Viola | J57: Jiménez Vega Mauricio Marmonte | K57: Orquesta de cuerdas frotadas (violín, viola, violonchelo, contrabajo) | L57: 42182 | M57: 10 | N57: Shyhua Guato | O57: Carlos Vinicio | P57: 1600399453 | Q57: Av imbabura / Ambato | R57: 035505743 | S57: 0961520456 | T57: Padre del estudiante | U57: 0982029413 | V57: Madre | W57: 0992859289 | X57: otro familiar | Y57: Unidad Educativa Luisa A Martinez | Z57: 5o EGB | AA57: Alergia al polvo | AB57: NO | AD57: 1851157717
A58: 17 | B58: miryamrojas815@gmail.com | C58: 3o | D58: C (vespertina) | E58: Supe Rojas | F58: Dayana Isabella | H58: 1 | I58: Violín | J58: Zumbana Quinapanta Santiago Maximiliano | K58: Orquesta de cuerdas frotadas (violín, viola, violonchelo, contrabajo) | L58: 42409 | M58: 9 | N58: Rojas Jara | O58: Miryam Rojas | P58: 1803141090 | Q58: Bolivariana y Paltacalo | S58: 0999238368 | T58: Madre del estudiante | U58: 0999073598 | V58: Padre | W58: 0987723518 | X58: otro familiar | Y58: Unidad Educativa Hispano America | Z58: 4o EGB | AB58: NO | AD58: 1851218980
A59: 18 | B59: micaela.ashqui.2016@gmail.com | C59: 3o | D59: C (vespertina) | E59: Valencia Ashqui | F59: Santiago David | G59: 1 | I59: Piano | J59: Solís Solís Juan Francisco | K59: Coro (estudiantes de piano) | L59: 42694 | M59: 8 | N59: Ashqui Cuji | O59: Ana Micaela | P59: 1804587010 | Q59: Miñarica 2 Oscar Efrén Reyes y Augusto villacres | S59: 0998490758 | T59: Madre del estudiante | U59: 0990879301 | V59: Estudiante | W59: 0 | X59: otro familiar | Y59: Mario cobo barona | Z59: 5o EGB | AB59: NO | AD59: 1851304517
G60: 13 | H60: 7
A62: 8 | B62: dany7sanchez@gmail.com | C62: 3o | D62: C (vespertina) | E62: Cortes Sanchez | F62: Kalebh Felipe | G62: 1 | I62: Piano | J62: Quinapanta Tibán Angel Rodrigo | K62: Coro (estudiantes de piano) | L62: 42272 | M62: 9 | N62: Cortes Barragán | O62: Julián | P62: 1760438828 | Q62: Ambato barrio San Pedro | S62: 0963997249 | T62: Padre del estudiante | U62: 0995028064 | V62: Madre | W62: 0998318720 | X62: otro familiar | Y62: Planeta azul | Z62: 6o EGB | AB62: NO
A63: 1 | B63: gabymezacueva85@gmail.com | C63: 3o | D63: C (vespertina) | E63: Alulema Meza | F63: Kaely Valentina | H63: 1 | I63: Piano | J63: De la Cruz Changalombo Jorge Ramiro | K63: Coro (estudiantes de piano) | L63: 42573 | M63: 8 | N63: Meza Cueva | O63: Mayra Gabriela | P63: 1804024121 | Q63: Pelileo Av. Padre Chacón y Vicente Maldonado esquina | R63: 032830537 | S63: 0984160572 | T63: Madre del estudiante | U63: 0987185683 | V63: otro familiar | W63: +593 96-123-2207 | X63: Estudiante | Y63: Unidad educativa José Ignacio Ordóñez | Z63: 4o EGB | AB63: NO | AD63: 1851264513

Sheet 4o
A1: No | B1: Dirección de correo electrónico | C1: Año de estudio | D1: PARALELO (señalar el mismo paralelo en el que estuvieron el año anterior) | E1: Apellidos del Estudiante (Escribir la primera letra en Mayúsculas y las demás en minúsculas. Por ejemplo Pérez López ) | F1: Nombres del Estudiante (Escribir la primera letra en Mayúsculas y las demás en minúsculas. Por ejemplo Juan José) | G1: M | H1: F | I1: Instrumento que estudia en el Conservatorio Bolívar | J1: Maestro de Instrumento | K1: Agrupación a la que pertenece | L1: Número de Cédula del Estudiante | M1: Fecha de Nacimiento del estudiante | N1: Edad del estudiante (solo escribir el número de la edad que tiene) | O1: Apellidos del Representante del Estudiante(Escribir la primera letra en Mayúsculas y las demás en minúsculas) | P1: Nombres del Representante del Estudiante(Escribir la primera letra en Mayúsculas y las demás en minúsculas) | Q1: Número de cédula del Representante | R1: Dirección | S1: Número telefónico convencional | T1: Número telefónico celular 1 | U1: Número telefónico celular 1 pertenece a | V1: Número telefónico celular 2 | W1: Número celular 2 pertenece a | X1: Número telefónico celular 3 | Y1: Número celular 3 pertenece a | Z1: Institución que estudia su formación regular | AA1: Año de Estudio en su formación Regular | AB1: ¿Existe alguna alergia/enfermedad/ condición del estudiante que la institución debe tener en cuenta durante clases? Por favor en caso de no existir dejar en blanco esta sección. | AC1: Indique si su representado tiene alguna Necesidad Educativa no asociada a una discapacidad | AD1: Si respondió SI Indique cual es la necesidad educativa
A2: 1 | B2: elizabethmontero2486@hotmail.com | C2: 4o | D2: A (matutina) | E2: Bombón Montero | F2: Jeremy Daniel | G2: 1 | I2: Saxofón | J2: Toapanta Arequipa Danny Alexander | K2: Orquesta matutina | L2: 1851202489 | M2: 42317 | N2: 9 | O2: Montero Chimbo | P2: Yajaira Elizabeth | Q2: 1804023032 | R2: El pisque | S2: 0000000 | T2: 0963008396 | U2: Madre del estudiante | V2: 0987652601 | W2: Padre | X2: 0999444387 | Y2: Estudiante | Z2: Atahualpa | AA2: 6o EGB | AB2: No | AC2: NO
A3: 2 | B3: zoiladelian@gmail.com | C3: 4o | D3: A (matutina) | E3: Choco Nuñez | F3: Kamila Raquel | H3: 1 | I3: Viloncello | J3: Peña Núñez Andrea Michelle | K3: Orquesta matutina | L3: 1851139145 | M3: 41712 | N3: 10 | O3: Nuñez Cunalata | P3: Zoila Delia | Q3: 1804273157 | R3: Ambato | S3: 032488344 | T3: 0987560247 | U3: Madre del estudiante | V3: 0967824205 | W3: Padre | X3: 0995151593 | Y3: Padre | Z3: UNIDAD EDUCATIVA PEDRO FERMIN CEVALLOS | AA3: 6o EGB | AC3: NO
A4: 3 | B4: tanniabimboza@gmail.com | C4: 4o | D4: A (matutina) | E4: Chulco Bimboza | F4: Solange Anahi | H4: 1 | I4: Piano | J4: Solís Solís Juan Francisco | K4: Coro Matutino | L4: 1850852797 | M4: 41737 | N4: 11 | O4: Bimboza Castro | P4: TANNIA MARIELA | Q4: 1805139738 | R4: Huachi la Florida | T4: 0995318655 | U4: Madre del estudiante | V4: 0995586336 | W4: Padre | X4: 0995586336 | Y4: Padre | Z4: U.E."BOLIVAR " | AA4: 7o EGB | AC4: NO
A5: 4 | B5: jorgeramirodelacruz@gmail.com | C5: 4o | D5: A (matutina) | E5: De La Cruz Guanoluisa | F5: Scarleth Monserrath | H5: 1 | I5: Violín | J5: Obando Mayorga Byron Geovanny | K5: Orquesta Matutina | L5: 0550739569 | M5: 41991 | N5: 10 | O5: De La Cruz Changalombo | P5: Jorge Ramiro | Q5: 0503066383 | R5: Cristóbal Colón y Constantino Fernández | S5: 032420110 | T5: 0995209966 | U5: Padre del estudiante | V5: 0998080500 | W5: Madre | Z5: U.E Juan Montalvo | AA5: 7o EGB | AC5: NO
A6: 5 | B6: angie.villacres.v@gmail.com | C6: 4o | D6: A (matutina) | E6: León Villacrés | F6: Amelia Abigail | H6: 1 | I6: Violín | J6: Obando Mayorga Byron Geovanny | K6: Orquesta matutina | L6: 1851117018 | M6: 42053 | N6: 10 | O6: Villacrés Vicuña | P6: Angélica Eulalia | Q6: 1804200416 | R6: Patate. Av. Ambato y Calle C | T6: 0997643140 | U6: Madre del estudiante | V6: 0998045276 | W6: Padre | X6: 0994477971 | Y6: otro familiar | Z6: Home Life Academy | AA6: 6o EGB | AC6: NO
A7: 6 | B7: britanyn41@gmail.com | C7: 4o | D7: A (matutina) | E7: Lindo Chillagana | F7: Sofía Isabella | H7: 1 | I7: Saxofón | J7: Toapanta Arequipa Danny Alexander | K7: Orquesta matutina | L7: 1851147106 | M7: 42130 | N7: 10 | O7: Chillagana Guala | P7: Martha Cecilia | Q7: 0502786742 | R7: La Magdalena | T7: 0998750466 | U7: Madre del estudiante | V7: 0987854602 | W7: otro familiar | X7: 0958775733 | Y7: Padre | Z7: Unidad Educativa Las Américas | AA7: 6o EGB | AC7: NO
A8: 7 | B8: karinitadelourdes@gmail.com | C8: 4o | D8: A (matutina) | E8: Martínez Pazmiño | F8: Jhoselyn Karina | H8: 1 | I8: Violín | J8: Zumbana Quinapanta Santiago Maximiliano | K8: Orquesta matutina | L8: 0250386554 | M8: 42146 | N8: 10 | O8: PAZMIÑO CEVALLOS | P8: KARINA DE LOURDES | Q8: 0201962701 | R8: Macasto Valle Hermoso 1 | S8: 000 | T8: 0992180057 | U8: Madre del estudiante | V8: 0997297928 | W8: otro familiar | X8: 0990555770 | Y8: Padre | Z8: Unidad Educativa Ambato | AA8: 6o EGB | AC8: NO
A9: 8 | B9: virra.info@gmail.com | C9: 4o | D9: B (vespertina) | E9: Mena Rampón | F9: Dante Mena | G9: 1 | I9: Piano | J9: Solís Solís Juan Francisco | K9: Coro Matutino | L9: 1851128429 | M9: 42084 | N9: 10 | O9: Rampón Rosero | P9: Virginia | Q9: 1803698552 | R9: Remigio Crespo y Jorge Carrera | T9: 0999246479 | U9: Padre del estudiante | V9: 0995107384 | W9: Madre | Z9: School of Tomorrow | AA9: 5o EGB | AC9: NO
A10: 9 | B10: luistipanomar355@gmail.com | C10: 4o | D10: A (matutina) | E10: Tipán alomaliza | F10: Marlon Alexander | G10: 1 | I10: Saxofón | J10: Toapanta Arequipa Danny Alexander | K10: Orquesta matutina | L10: 1851086924 | M10: 41918 | N10: 11 | O10: Alomaliza yugla | P10: Gladys Susana | Q10: 1804038972 | R10: Via nuevos orisonse | S10: 0968654416 | T10: 0968654416 | U10: Madre del estudiante | V10: 0939041976 | W10: otro familiar | X10: 0981583012 | Y10: Padre | Z10: Teniente Hugo Ortiz | AA10: 7o EGB | AB10: No | AC10: NO | AD10: No
A11: 10 | B11: tania91mari@gmail.com | C11: 4o | D11: A (matutina) | E11: Tisalema Talahua | F11: Fernando Martín | G11: 1 | I11: Trompeta | J11: Amancha Hidalgo Félix Marcelo | K11: Orquesta matutina | L11: 1851077329 | M11: 41893 | N11: 10 | O11: Talahua Sinchigalo | P11: Tania Maribel | Q11: 0503109308 | R11: Huachi chico | T11: 0998091260 | U11: Madre del estudiante | V11: 0981452962 | W11: otro familiar | X11: 0996526135 | Y11: Padre | Z11: Instituto Tecnológico Bolivar | AA11: 7o EGB | AB11: No | AC11: NO
A12: 11 | B12: anavallejolarrea@gmail.com | C12: 4o | D12: A (matutina) | E12: Vallejo Larrea | F12: Maria Isabella | H12: 1 | I12: Viola | J12: Sumbana Quinapanta Luis Enrique | K12: Orquesta matutina | L12: 1851093276 | M12: 41932 | N12: 10 | O12: Larrea Alvarado | P12: Verónica Azucena | Q12: 0603644915 | R12: Los Andes Altar | T12: 0987346291 | U12: Madre del estudiante | V12: 0984039739 | W12: otro familiar | Z12: Unidad Educativa Juan Montalvo | AA12: 7o EGB | AC12: NO
A13: 12 | B13: marisolmasabanda74@gmail.com | C13: 4o | D13: A (matutina) | E13: Vargas Masabanda | F13: Matías Samuel | G13: 1 | I13: Piano | J13: Solís Solís Juan Francisco | K13: Coro (matutino) | L13: 1850982826 | M13: 41798 | N13: 11 | O13: Masabanda Bucheli | P13: Marisol Morayma | Q13: 1802858595 | R13: Av Victor Hugo y Agustín Velasco | S13: 032511848 | T13: 0998914184 | U13: Padre del estudiante | V13: 0987881204 | W13: Madre | X13: 0984384519 | Y13: otro familiar | Z13: U.E. Mario Cobo Barona | AA13: 7o EGB | AC13: NO
G14: =SUM(G2:G13) -> 5 | H14: =SUM(H2:H13) -> 7
A17: No | B17: Dirección de correo electrónico | C17: Año de estudio | D17: PARALELO (señalar el mismo paralelo en el que estuvieron el año anterior) | E17: Apellidos del Estudiante | F17: Nombres del Estudiante | G17: M | H17: F | I17: Instrumento que estudia en el Conservatorio Bolívar | J17: Maestro de Instrumento | K17: Agrupación a la que pertenece | L17: Número de Cédula del Estudiante | M17: Fecha de Nacimiento del estudiante | N17: Edad del estudiante | O17: Apellidos del Representante del Estudiante | P17: Nombres del Representante del Estudiante | Q17: Número de cédula del Representante | R17: Dirección | S17: Número telefónico convencional | T17: Número telefónico celular 1 | U17: Número telefónico celular 1 pertenece a | V17: Número telefónico celular 2 | W17: Número celular 2 pertenece a | X17: Número telefónico celular 3 | Y17: Número celular 3 pertenece a | Z17: Institución que estudia su formación regular | AA17: Año de Estudio en su formación Regular | AB17: ¿Existe alguna alergia/enfermedad/ condición del estudiante que la institución debe tener en cuenta durante clases? | AC17: Indique si su representado tiene alguna Necesidad Educativa no asociada a una discapacidad | AD17: Si respondió SI Indique cual es la necesidad educativa
A18: 1 | B18: chave287@hotmail.com | C18: 4o | D18: B (vespertina) | E18: Alvarado Chávez | F18: Dana Noemi | H18: 1 | I18: Viloncello | J18: Peña Núñez Andrea Michelle | K18: Orquesta de cuerdas frotadas (violín, viola, violonchelo, contrabajo) | L18: 1851109247 | M18: 41999 | N18: 10 | O18: Chávez Rugel | P18: María Gabriela | Q18: 1803521424 | R18: Cesar Silva y Sergio Nuñez | T18: 0998004437 | U18: Madre del estudiante | V18: 0988186974 | W18: Padre | Z18: Unidad educativa Bautista | AA18: 7o EGB | AB18: No | AC18: NO
A19: 2 | B19: jluciakatalina@gmail.com | C19: 4o | D19: B (vespertina) | E19: Arboleda Jiménez | F19: Martin Emiliano | G19: 1 | I19: Piano | J19: Acosta Zagal Karolina | K19: Coro (estudiantes de piano) | L19: 1851138170 | M19: 42112 | N19: 10 | O19: Jiménez Nuñez | P19: Lucia Catalina | Q19: 1804008140 | R19: Laquigo | T19: 0995629455 | U19: Madre del estudiante | V19: 0999084805 | W19: otro familiar | X19: 099967140 | Y19: Padre | Z19: U. E la providencia | AA19: 6o EGB | AB19: No | AC19: NO
A20: 3 | B20: aclavijobe86@gmail.com | C20: 4o | D20: B (vespertina) | E20: Córdova Clavijo | F20: Luciana Valentina | H20: 1 | I20: Flauta Traversa | J20: Larreátegui Feijoó Inés María | K20: Ensamble de Flautas traversas | L20: 1851158228 | M20: 42190 | N20: 10 | O20: Clavijo Benalcázar | P20: Andrea Paola | Q20: 1720027083 | R20: Antepara entre Chasquis y Cazadores | T20: 0987373464 | U20: Madre del estudiante | V20: 0987555424 | W20: Padre | Z20: Unidad Educativa Santo Domingo de Guzmán | AA20: 6o EGB | AC20: NO
A21: 4 | B21: andreasolgarces@gmail.com | C21: 4o | D21: B (vespertina) | E21: Cristellot Garcés | F21: Adrián Ismael | G21: 1 | I21: Guitarra | J21: Chico Espinoza Edwin Patricio | K21: Ensamble de guitarras | L21: 0650580020 | M21: 42021 | N21: 10 | O21: Garcés Cabezas | P21: Andrea Soledad | Q21: 1713914156 | R21: Gualaceo y Libertad | S21: 035505361 | T21: 0960739966 | U21: Madre del estudiante | V21: 0969660866 | W21: Padre | Z21: Mario Cobo Barona | AA21: 6o EGB | AB21: Fracturas en ambas tibias y peroné por accidente | AC21: NO
A22: 5 | B22: karlaguananga1988@hotmail.com | C22: 4o | D22: B (vespertina) | E22: Gancino Guananga | F22: Adrián Vinicio | G22: 1 | I22: Guitarra | J22: Arias Cuenca Jorge Javier | K22: Ensamble de guitarras | L22: 1851181667 | M22: 42246 | N22: 9 | O22: Guananga Lescano | P22: Karla Estefania | Q22: 803156090 | R22: Cristóbal Colón y tomas Sevilla | S22: 032420077 | T22: 960835463 | U22: Madre del estudiante | V22: 0960836069 | W22: Padre | Z22: González Suárez | AA22: 6o EGB | AB22: No | AC22: NO
A23: 6 | B23: lupitahyv@gmail.com | C23: 4o | D23: B (vespertina) | E23: Moreta Hernández | F23: María Emilia | H23: 1 | I23: Piano | J23: Díaz Loyola David Descartes | K23: Coro (estudiantes de piano) | L23: 1756804314 | M23: 42133 | N23: 10 | O23: Moreta Mantilla | P23: José Iván | Q23: 1710431741 | R23: Peréz Pazmiño y Manuela Saenz | T23: 0983004497 | U23: Padre del estudiante | V23: 0999984225 | W23: Madre | Z23: Colegio Santo Domingo de Guzmán | AA23: 6o EGB | AB23: Rinitis alergica | AC23: NO
A24: 7 | B24: darwingerman@hotmail.com | C24: 4o | D24: B (vespertina) | E24: Núñez Caiza | F24: Adrián Mateo | G24: 1 | I24: Saxofón | J24: Toapanta Arequipa Danny Alexander | K24: Ensamble de vientos (saxofón, clarinete, trompeta, trombón) | L24: 1756674717 | M24: 42075 | N24: 10 | O24: Núñez Altamirano | P24: Darwin Germán | Q24: 0995181725 | R24: Bernardino Echeverría y justo alcides Valencia | S24: 2755398 | T24: 0995181725 | U24: Padre del estudiante | V24: 0990584116 | W24: Madre | Z24: U E Pedro F Cevallos | AA24: 6o EGB | AC24: NO
A25: 8 | B25: darwingerman@hotmail.com | C25: 4o | D25: B (vespertina) | E25: Núñez Caiza | F25: Germán Alejandro | G25: 1 | I25: Violín | J25: Amores Valdivieso Jenny Natividad | K25: Orquesta de cuerdas frotadas (violín, viola, violonchelo, contrabajo) | L25: 1756673782 | M25: 42075 | N25: 10 | O25: Núñez Altamirano | P25: Darwin Germán | Q25: 1803204120 | R25: Avenida Bernardino Echeverría y justo alcides Valencia | S25: 2755398 | T25: 0995181725 | U25: Padre del estudiante | V25: 0990584116 | W25: Madre | Z25: U E Pedro Fermín Cevallos | AA25: 6o EGB | AC25: NO
A26: 9 | B26: darwingerman@hotmail.com | C26: 4o | D26: B (vespertina) | E26: Núñez Caiza | F26: María Emilia | H26: 1 | I26: Piano | J26: Caiza Caiza Roberto Carlos | K26: Coro (estudiantes de piano) | L26: 1756674857 | M26: 42075 | N26: 10 | O26: Núñez Altamirano | P26: Darwin Germán | Q26: 1803204120 | R26: Avenida Bernardino Echeverría y justo alcides Valencia | S26: 2755398 | T26: 0995181725 | U26: Padre del estudiante | V26: 0990584116 | W26: Madre | Z26: U E Pedro Fermín Cevallos | AA26: 6o EGB | AC26: NO
A27: 10 | B27: xiomymoncayo@hotmail.com | C27: 4o | D27: B (vespertina) | E27: Pérez Moncayo | F27: Bianca Emilia | H27: 1 | I27: Violín | J27: Villena Cárdenas Maria Isabel | K27: Orquesta de cuerdas frotadas (violín, viola, violonchelo, contrabajo) | L27: 1851126290 | M27: 42080 | N27: 10 | O27: Moncayo Urbina | P27: Xiomara Elizabeth | Q27: 1103587133 | R27: Bolivar 2015 y Quito | S27: 032840063 | T27: 0987289570 | U27: Madre del estudiante | V27: 0998514285 | W27: otro familiar | X27: 0998274247 | Y27: Padre | Z27: UK School | AA27: 6o EGB | AC27: NO
A28: 11 | B28: ger_sanchez39@hotmail.com | C28: 4o | D28: B (vespertina) | E28: Pérez Sánchez | F28: Camila Sarahí | H28: 1 | I28: Violín | J28: Villena Cárdenas Maria Isabel | K28: Orquesta de cuerdas frotadas (violín, viola, violonchelo, contrabajo) | L28: 1851096071 | M28: 41963 | N28: 11 | O28: Sánchez Sánchez | P28: Germania Cumandá | Q28: 1803736188 | R28: Avellanas No. 21 y Las Limas | S28: 032513199 | T28: 0995940789 | U28: Madre del estudiante | V28: 0995910279 | W28: Padre | X28: 0984073807 | Y28: otro familiar | Z28: Unidad Educativa Santo Domingo de Guzmán | AA28: 7o EGB | AB28: Acaros | AC28: NO
A29: 12 | B29: kamitocr@gmail.com | C29: 4o | D29: B (vespertina) | E29: Reinoso Toscano | F29: Ariana Michelle | H29: 1 | I29: Piano | J29: Quinapanta Tibán Angel Rodrigo | K29: Coro (estudiantes de piano) | L29: 1851120139 | M29: 42052 | N29: 10 | O29: Toscano Criollo | P29: Karen Michelle | Q29: 1805402888 | R29: Atahualpa | T29: 969083878 | U29: Madre del estudiante | V29: 0992755961 | W29: Padre | X29: 984406052 | Y29: Estudiante | Z29: Unidad Educativa Fiscomisional Tirso de Molina | AA29: 6o EGB | AC29: NO
A30: 13 | B30: sangabrielena1@gmail.com | C30: 4o | D30: B (vespertina) | E30: Santiana Ortega | F30: Anayeli Samantha | H30: 1 | I30: Violín | J30: Zumbana Quinapanta Santiago Maximiliano | K30: Orquesta de cuerdas frotadas (violín, viola, violonchelo, contrabajo) | L30: 1756811541 | M30: 42162 | N30: 10 | O30: Ortega Chavarría | P30: Mónica Cecilia | Q30: 0401498407 | R30: Miraflores Alto | S30: 0986805318 | T30: 0997774440 | U30: Padre del estudiante | V30: 0997774440 | W30: Madre | X30: 0967618574 | Y30: Madre | Z30: Unidad Educativa Bolívar | AA30: 6o EGB | AC30: NO
A31: 14 | B31: jacque1912@gmail.com | C31: 4o | D31: B (vespertina) | E31: Segovia Mero | F31: Andrea Valentina | H31: 1 | I31: Piano | J31: Caiza Caiza Roberto Carlos | K31: Coro (estudiantes de piano) | L31: 1851161131 | M31: 42183 | N31: 10 | O31: Mero Paucar | P31: Jacqueline Alexandra | Q31: 1804615068 | R31: Av Pasteur Y Haiti | T31: 0987892299 | U31: Madre del estudiante | V31: 0984404528 | W31: Padre | Z31: Carmen Barona | AA31: 6o EGB | AC31: NO
A32: 15 | B32: gabolgsa@gmail.com | C32: 4o | D32: B (vespertina) | E32: Solís Zanipatin | F32: Megan Amaya | H32: 1 | I32: Violín | J32: Gutama Galan Juan Diego | K32: Orquesta de cuerdas frotadas (violín, viola, violonchelo, contrabajo) | L32: 1851163822 | M32: 42120 | N32: 10 | O32: Solis Acosta | P32: Luis Gabriel | Q32: 1804467700 | R32: Cristóbal Ojeda y Sabino Barreno | S32: 032405312 | T32: 0962686604 | U32: Padre del estudiante | V32: 0998222429 | W32: otro familiar | X32: 0998987084 | Y32: otro familiar | Z32: Unidad Educativa Espíritu Santo | AA32: 6o EGB | AC32: NO
A33: 16 | B33: mily1978@hotmail.es | C33: 4o | D33: B (vespertina) | E33: Taco Lagos | F33: Doménica Monserrath | H33: 1 | I33: Guitarra | J33: Chico Espinoza Edwin Patricio | K33: Ensamble de guitarras | L33: 1851094555 | M33: 41956 | N33: 10 | O33: Lagos Chauca | P33: Miriam Alexandra | Q33: 1714507181 | R33: Manco Cápac s/n y Los Shiris | S33: 032842915 | T33: 0984010002 | U33: Madre del estudiante | V33: 0987044981 | W33: Padre | Z33: Sagrada Familia | AA33: 7o EGB | AC33: NO
A34: 17 | B34: cristianyuquilema13@gmail.com | C34: 4o | D34: B (vespertina) | E34: Yuquilema Anilema | F34: Danna Yamileth | H34: 1 | I34: Guitarra | J34: Arias Cuenca Jorge Javier | K34: Ensamble de guitarras | L34: 1851090587 | M34: 41925 | N34: 10 | O34: Yuquilema Guaylla | P34: Cristian Geovanny | Q34: 1804580577 | R34: Cristóbal Ojeda Dávila y Bolivariana | T34: 0988765838 | U34: Padre del estudiante | V34: 0999557784 | W34: Madre | Z34: Sergio Quirola | AA34: 7o EGB | AC34: NO
G35: =SUM(G18:G34) -> 5 | H35: =SUM(H18:H34) -> 12
A37: No | B37: Dirección de correo electrónico | C37: Año de estudio | D37: PARALELO (señalar el mismo paralelo en el que estuvieron el año anterior) | E37: Apellidos del Estudiante | F37: Nombres del Estudiante | G37: M | H37: F | I37: Instrumento que estudia en el Conservatorio Bolívar | J37: Maestro de Instrumento | K37: Agrupación a la que pertenece | L37: Número de Cédula del Estudiante | M37: Fecha de Nacimiento del estudiante | N37: Edad del estudiante | O37: Apellidos del Representante del Estudiante | P37: Nombres del Representante del Estudiante | Q37: Número de cédula del Representante | R37: Dirección | S37: Número telefónico convencional | T37: Número telefónico celular 1 | U37: Número telefónico celular 1 pertenece a | V37: Número telefónico celular 2 | W37: Número celular 2 pertenece a | X37: Número telefónico celular 3 | Y37: Número celular 3 pertenece a | Z37: Institución que estudia su formación regular | AA37: Año de Estudio en su formación Regular | AB37: ¿Existe alguna alergia/enfermedad/ condición del estudiante que la institución debe tener en cuenta durante clases? | AC37: Indique si su representado tiene alguna Necesidad Educativa no asociada a una discapacidad | AD37: Si respondió SI Indique cual es la necesidad educativa
A38: 1 | B38: ivannaponte1234@outlook.com | C38: 4o | D38: C (vespertina) | E38: Aponte Ipiales | F38: Ivanna Lucero | H38: 1 | I38: Viola | J38: Jiménez Vega Mauricio Marmonte | K38: Orquesta de cuerdas frotadas (violín, viola, violonchelo, contrabajo) | L38: 1851135267 | M38: 42110 | N38: 10 | O38: Ipiales Caceres | P38: Maria Elena | Q38: 1804122156 | R38: Parroquia La Matriz calle Olmedo y Montufar | S38: 032828665 | T38: 0991473656 | U38: Madre del estudiante | V38: 0998078908 | W38: Padre | X38: 0997457438 | Y38: Estudiante | Z38: Unidad Educativa Las Americas | AA38: 6o EGB | AC38: NO
A39: 2 | B39: silvi.hurtd@gmail.com | C39: 4o | D39: C (vespertina) | E39: Calucho Hurtado | F39: Violeta Salome | H39: 1 | I39: Violín | J39: Jiménez Vega Mauricio Marmonte | K39: Orquesta de cuerdas frotadas (violín, viola, violonchelo, contrabajo) | L39: 1851164770 | M39: 42210 | N39: 9 | O39: Calucho Sailema | P39: Kléber Leonardo | Q39: 1803546272 | R39: Mera y Sucre frente al banco del Austro | T39: 0987200135 | U39: Padre del estudiante | V39: 0939356784 | W39: Madre | X39: 0987890145 | Y39: otro familiar | Z39: Unidad Educativa Pedro Fermín Cevallos | AA39: 6o EGB | AC39: NO
A40: 3 | B40: tamy_estilos@hotmail.com | C40: 4o | D40: C (vespertina) | E40: Chagmana Toapanta | F40: Kerly Alejandra | H40: 1 | I40: Violín | J40: Zumbana Quinapanta Santiago Maximiliano | K40: Orquesta de cuerdas frotadas (violín, viola, violonchelo, contrabajo) | L40: 1851205706 | M40: 42365 | N40: 9 | O40: Toapanta Munsha | P40: Tania Margoth | Q40: 1804668612 | R40: Quisapincha | S40: 2772916 | T40: 0992229450 | U40: Madre del estudiante | V40: 098 033 4765 | W40: Padre | X40: 0992229450 | Y40: Madre | Z40: Unidad Educativa Ambato | AA40: 6o EGB | AC40: NO
A41: 4 | B41: sofiachasizurita@gmail.com | C41: 4o | D41: C (vespertina) | E41: Chasi Zurita | F41: Sofía Maricela | H41: 1 | I41: Guitarra | J41: Chico Espinoza Edwin Patricio | K41: Ensamble de guitarras | L41: 1851098333 | M41: 45940 | N41: 10 | O41: Zurita Pazmiño | P41: Estefania Maricela | Q41: 1804634739 | R41: Huachi Chico Av Atahualpa y Antonio Neumane | S41: 032851036 | T41: 0967407008 | U41: Madre del estudiante | V41: 0998958055 | W41: Estudiante | X41: 0987797207 | Y41: otro familiar | Z41: Hispano América | AA41: 7o EGB | AC41: NO
A42: 5 | B42: hurtadosomer@gmail.com | C42: 4o | D42: C (vespertina) | E42: Espín Hurtado | F42: Pablo Steffano | G42: 1 | I42: Piano | J42: Quinapanta Tibán Angel Rodrigo | K42: Coro (estudiantes de piano) | L42: 1851191849 | M42: 42237 | N42: 9 | O42: Hurtado Salazar | P42: Somer Michelle | Q42: 0503135873 | R42: Huachi Grande | S42: 032441796 | T42: 0984550573 | U42: Madre del estudiante | V42: 0984227092 | W42: Padre | X42: 0983549424 | Y42: otro familiar | Z42: Unidad Educativa Bolívar | AA42: 6o EGB | AB42: Alergia a los gatos | AC42: NO
A43: 6 | B43: dianeins19949@hotmail.com | C43: 4o | D43: C (vespertina) | E43: Garcés Espinoza | F43: Ángel Emiliano | G43: 1 | I43: Violín | J43: Gutama Galan Juan Diego | K43: Orquesta de cuerdas frotadas (violín, viola, violonchelo, contrabajo) | L43: 1851142222 | M43: 42134 | N43: 10 | O43: Espinoza Sánchez | P43: Diana Carolina | Q43: 1804330593 | R43: El Calvario Picaihua | S43: 032762916 | T43: 0959913090 | U43: Madre del estudiante | V43: 0998267962 | W43: Padre | X43: 0968760158 | Y43: otro familiar | Z43: Unidad Educativa San Isidro Labrador | AA43: 5o EGB | AC43: NO
A44: 7 | B44: hurtadob697@gmail.com | C44: 4o | D44: C (vespertina) | E44: Mera Hurtado | F44: Martin Ricardo | G44: 1 | I44: Guitarra | J44: Chicaiza Cuenca Rubén Geovany | K44: Ensamble de guitarras | L44: 1851166692 | M44: 42205 | N44: 9 | O44: Hurtado Lozada | P44: María Belén | Q44: 1803726262 | R44: Santa Rosa González Suárez y Neptali Sancho | T44: 0969012788 | U44: Madre del estudiante | V44: +593962902274 | W44: Padre | X44: 0996015374 | Y44: otro familiar | Z44: Unidad Educativa BOLIVAR | AA44: 5o EGB | AC44: NO
A45: 8 | B45: elviamoina@yahoo.es | C45: 4o | D45: C (vespertina) | E45: Merino López | F45: Emily Monserrath | H45: 1 | I45: Saxofón | J45: Guananga Aizabucha Javier Santiago | K45: Ensamble de vientos (saxofón, clarinete, trompeta, trombón) | L45: 1851170355 | M45: 42214 | N45: 9 | O45: Sañaicela Moina | P45: Elvia | Q45: 0601532849 | R45: Atahualpa | S45: 0 | T45: 0990804984 | U45: Madre del estudiante | V45: 0998671086 | W45: otro familiar | X45: 0985610040 | Y45: Padre | Z45: Unidad Educativa Carmen Barona | AA45: 6o EGB | AB45: No | AC45: NO
A46: 9 | B46: borjadiana87@gmail.com | C46: 4o | D46: C (vespertina) | E46: Narvaez Borja | F46: Isabella Valentina | H46: 1 | I46: Viola | J46: Sumbana Quinapanta Luis Enrique | K46: Orquesta de cuerdas frotadas (violín, viola, violonchelo, contrabajo) | L46: 1851152767 | M46: 42122 | N46: 10 | O46: Borja Santana | P46: Diana Patricia | Q46: 1804277505 | R46: Tomas sevilla alta y los Andes | S46: 032823968 | T46: 0994917013 | U46: Madre del estudiante | V46: 0998117068 | W46: otro familiar | Z46: U.E.Ambato | AA46: 6o EGB | AB46: Alergias asma | AC46: NO
A47: 10 | B47: santiago2241997@hotmail.com | C47: 4o | D47: C (vespertina) | E47: Nuela Durán | F47: Maikel Sebastian | G47: 1 | I47: Clarinete | J47: Guananga Aizabucha Javier Santiago | K47: Ensamble de vientos (saxofón, clarinete, trompeta, trombón) | L47: 1756403232 | M47: 41928 | N47: 10 | O47: Nuela Arequipa | P47: Rommel Santiago | Q47: 1804918413 | R47: Calle Misael Acosta Solis y German Chacon | S47: 032452922 | T47: 0969084557 | U47: Padre del estudiante | V47: 0998025899 | W47: otro familiar | X47: 0984058649 | Y47: otro familiar | Z47: Tirso de Molina | AA47: 7o EGB | AC47: NO
A48: 11 | B48: moralesliva90@gmail.com | C48: 4o | D48: C (vespertina) | E48: Núñez Morales | F48: Mateo Sebastián | G48: 1 | I48: Piano | J48: Quinapanta Tibán Angel Rodrigo | K48: Coro (estudiantes de piano) | L48: 2150394233 | M48: 41966 | N48: 10 | O48: Morales Novoa | P48: Mariela Livanesa | Q48: 2100703848 | R48: Huachi totoras "el porvenir" | T48: 0993950627 | U48: Madre del estudiante | V48: 0958931166 | W48: Padre | Z48: Unidad Educativa "El oro" | AA48: 6o EGB
A49: 12 | B49: lorevargase@hotmail.es | C49: 4o | D49: C (vespertina) | E49: Oñate Vargas | F49: María José | H49: 1 | I49: Violín | J49: Gutama Galan Juan Diego | K49: Orquesta de cuerdas frotadas (violín, viola, violonchelo, contrabajo) | L49: 1851145514 | M49: 42129 | N49: 10 | O49: Vargas Espín | P49: Lorena Narcisa | Q49: 1802730109 | R49: La Floresta | S49: 032413455 | T49: 0991624944 | U49: Madre del estudiante | V49: 0987182822 | W49: Padre | X49: 0984415039 | Y49: otro familiar | Z49: U. E. Carmen Barona | AA49: 6o EGB | AB49: Si (ácaros) | AC49: NO
A50: 13 | B50: huestesdelafe01@hotmail.com | C50: 4o | D50: C (vespertina) | E50: Pérez Aveiga | F50: Mikaela Elizabeth | H50: 1 | I50: Clarinete | J50: Guananga Aizabucha Javier Santiago | K50: Ensamble de vientos (saxofón, clarinete, trompeta, trombón) | L50: 1851162055 | M50: 42142 | N50: 10 | O50: Pérez Moreno | P50: Diego Fernando | Q50: 1803751856 | R50: Ficoa, Reina Claudia y Rodrigo Pachano | S50: 032512855 | T50: 0995675256 | U50: Padre del estudiante | V50: 0984132337 | W50: Madre | Z50: Unidad Educativa Bautista | AA50: 6o EGB | AB50: Ninguna | AC50: NO
A51: 14 | B51: bryanldule@gmail.com | C51: 4o | D51: C (vespertina) | E51: Poalasin Paucar | F51: Fatima Ariana | H51: 1 | I51: Piano | J51: Quinapanta Tibán Angel Rodrigo | K51: Coro (estudiantes de piano) | L51: 3050361363 | M51: 41952 | N51: 10 | O51: Paucar Yanchapanta | P51: Libelia Jacqueline | Q51: 1803053949 | R51: Ingahurco Bajo, Pasaje Portugal y Polonia | S51: 032772027 | T51: 0992835831 | U51: Madre del estudiante | V51: 0998317313 | W51: otro familiar | X51: 0999137693 | Y51: otro familiar | Z51: Unidad Educativa La Providencia | AA51: 7o EGB | AC51: NO
A52: 15 | B52: jeanethpathico@hotmail.com | C52: 4o | D52: C (vespertina) | E52: Ramírez Castro | F52: Johan Gabriel | G52: 1 | I52: Viloncello | J52: Peña Núñez Andrea Michelle | K52: Orquesta de cuerdas frotadas (violín, viola, violonchelo, contrabajo) | L52: 1851120657 | M52: 42062 | N52: 10 | O52: Castro Castro | P52: Patricia Jeanette | Q52: 1803458593 | R52: Luis Alberto Valencia y pasaje Cueva Celi | S52: 032407265 | T52: 0984129183 | U52: Madre del estudiante | V52: 0967261248 | W52: Padre | Z52: Unidad Educativa Pedro Fermín Cevallos | AA52: 5o EGB | AB52: No | AC52: NO
A53: 16 | B53: alex_cpa2002@yahoo.com | C53: 4o | D53: C (vespertina) | E53: Santamaría Pérez | F53: Óscar Matías | G53: 1 | I53: Piano | J53: Quinapanta Tibán Angel Rodrigo | K53: Coro (estudiantes de piano) | L53: 1851204626 | M53: 45953 | N53: 9 | O53: Pérez Toapanta | P53: Grimaneza Alexandra | Q53: 1802758480 | R53: Izamba | S53: 032854317 | T53: 0998355280 | U53: Padre del estudiante | V53: 0984060418 | W53: Madre | X53: 0984588698 | Y53: otro familiar | Z53: Uk School | AA53: 6o EGB
A54: 17 | B54: carinanavarretetorres@gmail.com | C54: 4o | D54: C (vespertina) | E54: Urquizo Navarrete | F54: Mila Akemi | H54: 1 | I54: Flauta Traversa | J54: Nuñez Cunalata Zoila Delia | K54: Ensamble de Flautas traversas | L54: 1851157352 | M54: 42184 | N54: 10 | O54: Navarrete Torres | P54: Carina del Pilar | Q54: 1803575891 | R54: Antonio clavijo y Joaquín Araujo | T54: 0999775066 | U54: Madre del estudiante | V54: 0987537526 | W54: Padre | Z54: Unidad educativa Glenn Doman | AA54: 6o EGB
A55: 18 | B55: nelsonyanez1992@gmail.com | C55: 4o | D55: C (vespertina) | E55: Yanez Rivera | F55: Angelo Josue | G55: 1 | I55: Trombón | J55: Peralta Aponte Christian Hernán | K55: Ensamble de vientos (saxofón, clarinete, trompeta, trombón) | L55: 1851058139 | M55: 41862 | N55: 11 | O55: YANEZ BOMBON | P55: NELSON ARMANDO | Q55: 1805330303 | R55: PARROQUIA ATAHUALPA | S55: 0996395403 | T55: 0996395403 | U55: Padre del estudiante | V55: 0998043625 | W55: Padre | X55: 0995773167 | Y55: Madre | Z55: ATAHUALPA | AA55: 7o EGB | AC55: NO
G56: =SUM(G38:G55) -> 8 | H56: =SUM(H38:H55) -> 10
A59: 13 | B59: lorenasortiz942@gmail.com | C59: 4o | D59: B (vespertina) | E59: Romero Ortiz | F59: Valentina Monserrath | H59: 1 | I59: Violín | J59: Zumbana Quinapanta Santiago Maximiliano | K59: Orquesta de cuerdas frotadas (violín, viola, violonchelo, contrabajo) | L59: 1851159499 | M59: 42195 | N59: 10 | O59: Romero Ledesma | P59: Fabricio Miguel | Q59: 1803564382 | R59: Santa Rosa | S59: 2527754 | T59: 0982031459 | U59: Padre del estudiante | V59: 0982031681 | W59: Madre | X59: 0995438551 | Y59: otro familiar | Z59: Eugenio Espejo | AA59: 6o EGB | AC59: NO

Sheet 5o
A1: No | B1: Dirección de correo electrónico | C1: Año de estudio | D1: PARALELO | E1: Apellidos del Estudiante | F1: Nombres del Estudiante | G1: M | H1: F | I1: Instrumento que estudia en el Conservatorio Bolívar | J1: Maestro de Instrumento | K1: Docente de piano complementario solo para estudiantes de cuerdas y vientos, no para pianistas | L1: Agrupación a la que pertenece | M1: Número de Cédula del Estudiante | N1: Fecha de Nacimiento del estudiante | O1: Edad del estudiante (solo escribir el número de la edad que tiene) | P1: Apellidos del Representante del Estudiante | Q1: Nombres del Representante del Estudiante | R1: Número de cédula del Representante | S1: Dirección | T1: Número telefónico convencional | U1: Número telefónico celular 1 | V1: Número telefónico celular 1 pertenece a | W1: Número telefónico celular 2 | X1: Número celular 2 pertenece a | Y1: Número telefónico celular 3 | Z1: Número celular 3 pertenece a | AA1: Institución que estudia su formación regular | AB1: Año de Estudio en su formación Regular | AC1: ¿Existe alguna alergia/enfermedad/ condición del estudiante que la institución debe tener en cuenta durante clases? | AD1: Indique si su representado tiene alguna Necesidad Educativa no asociada a una discapacidad | AE1: Si respondió SI Indique cual es la necesidad educativa
A2: 1 | B2: rodrigochochin@hotmail.com | C2: 5o | D2: A (matutina) | E2: Caguana Condemaita | F2: Bryanna Solange | H2: 1 | I2: Violín | J2: Gutama Galan Juan Diego | K2: Túquerez Núñez Diego Javier | L2: Orquesta Matutina | M2: 0962354657 | N2: 41750 | O2: 11 | P2: Caguana Paucar | Q2: Gonzalo Rodrigo | R2: 1804760179 | S2: Quisapincha | U2: 0962354657 | V2: Padre del estudiante | W2: 0982426343 | X2: Madre | Y2: 099 254 1085 | Z2: otro familiar | AA2: Unidad Educativa Bolívar | AB2: 7o EGB | AD2: NO
A3: 2 | B3: cecitaperez12@gmail.com | C3: 5o | D3: A (matutina) | E3: Fonseca Pérez | F3: Joffre Gabriel | G3: 1 | I3: Viloncello | J3: Peña Núñez Andrea Michelle | K3: Túquerez Núñez Diego Javier | L3: Orquesta Matutina | M3: 1850692508 | O3: 11 | P3: Pérez Villacís | Q3: Olga Cecilia | R3: 0502802259 | S3: Valle Hermoso #6 casa #2 | U3: 0998378611 | V3: Madre del estudiante | W3: 0960728291 | X3: Estudiante | Y3: 0992530984 | Z3: otro familiar | AA3: Teresa Flor | AB3: 8o EGB | AC3: Alergia al polvo y miopía
A4: 3 | B4: rositamaria1410@gmail.com | C4: 5o | D4: A (matutina) | E4: Guaman Mullo | F4: Daisy Noemí | H4: 1 | I4: Violín | J4: Zumbana Quinapanta Santiago Maximiliano | K4: Túquerez Núñez Diego Javier | L4: Orquesta Matutina | M4: 0650322340 | N4: 41407 | O4: 12 | P4: Mullo Yautibug | Q4: Rosa María | R4: 0602580268 | S4: Ambato | T4: 0993713935 | U4: 0993713935 | V4: Madre del estudiante | W4: 0981177604 | X4: Estudiante | Y4: 0979260009 | Z4: otro familiar | AA4: Unidad educativa Ambato | AB4: 7o EGB | AC4: Alergia a los cítricos | AD4: NO
A5: 4 | B5: katymero1992@gmail.com | C5: 5o | D5: A (matutina) | E5: Iza Mero | F5: Carlos Mateo | G5: 1 | I5: Flauta Traversa | J5: Larreátegui Feijoó Inés María | K5: Túquerez Núñez Diego Javier | L5: Orquesta Matutina | M5: 1850687151 | N5: 41463 | O5: 12 | P5: Mero Toalombo | Q5: Katherin Lisbeth | R5: 1804831681 | S5: Santa Rosa | T5: 0995400424 | U5: 0995400424 | V5: Madre del estudiante | W5: 0991860928 | X5: Padre | Y5: 098117364 | Z5: Estudiante | AA5: Mario cobo barona | AB5: 8o EGB | AD5: NO
A6: 5 | B6: soledadmatita@gmail.com | C6: 5o | D6: A (matutina) | E6: Sánchez Villacorte | F6: Tamya Soledad | H6: 1 | I6: Piano | J6: Solís Solís Juan Francisco | K6: no aplica | L6: Coro Matutino | M6: 1851097756 | N6: 41941 | O6: 10 | P6: Villacorte Guevara | Q6: Mayra Soledad | R6: 1804009544 | S6: Pinllo | T6: 032406793 | U6: 0993705128 | V6: Madre del estudiante | W6: 0995333193 | X6: Padre | AA6: Unidad educativa nicolas martinez | AB6: 7o EGB | AD6: NO
A7: 6 | B7: ruizp0475@gmail.com | C7: 5o | D7: A (matutina) | E7: Vega Ruiz | F7: Ángela Sofía | H7: 1 | I7: Saxofón | J7: Toapanta Arequipa Danny Alexander | K7: Túquerez Núñez Diego Javier | L7: Orquesta Matutina | M7: 1851114106 | N7: 41884 | O7: 10 | P7: Ruiz Toapanta | Q7: Elizabeth Paulina | R7: 1804453296 | S7: Pinllo | T7: 032741118 | U7: 979177333 | V7: Madre del estudiante | W7: 0984718034 | X7: Padre | Y7: 0987394059 | Z7: otro familiar | AA7: Hispano América | AB7: 7o EGB | AC7: No | AD7: NO | AE7: No
G8: =SUM(G2:G7) -> 2 | H8: =SUM(H2:H7) -> 4
A10: No | B10: Dirección de correo electrónico | C10: Año de estudio | D10: PARALELO (señalar el mismo paralelo en el que estuvieron el año anterior) | E10: Apellidos del Estudiante | F10: Nombres del Estudiante | G10: M | H10: F | I10: Instrumento que estudia en el Conservatorio Bolívar | J10: Maestro de Instrumento | K10: Docente de piano complementario solo para estudiantes de cuerdas y vientos, no para pianistas | L10: Agrupación a la que pertenece | M10: Número de Cédula del Estudiante | N10: Fecha de Nacimiento del estudiante | O10: Edad del estudiante (solo escribir el número de la edad que tiene) | P10: Apellidos del Representante del Estudiante | Q10: Nombres del Representante del Estudiante | R10: Número de cédula del Representante | S10: Dirección | T10: Número telefónico convencional | U10: Número telefónico celular 1 | V10: Número telefónico celular 1 pertenece a | W10: Número telefónico celular 2 | X10: Número celular 2 pertenece a | Y10: Número telefónico celular 3 | Z10: Número celular 3 pertenece a | AA10: Institución que estudia su formación regular | AB10: Año de Estudio en su formación Regular | AC10: ¿Existe alguna alergia/enfermedad/ condición del estudiante que la institución debe tener en cuenta durante clases? | AD10: Indique si su representado tiene alguna Necesidad Educativa no asociada a una discapacidad | AE10: Si respondió SI Indique cual es la necesidad educativa
A11: 1 | B11: ruty1403@hotmail.com | C11: 5o | D11: B (vespertina) | E11: Alvarado Chicaiza | F11: Alejandra Elizabeth | H11: 1 | I11: Percusión | J11: Tapia García Kevin Paúl | K11: Chico Analuisa Fabricio Renato | L11: Banda Sinfónica Edison Chiluisa | M11: 1850340900 | N11: 41208 | O11: 12 | P11: Chicaiza Carchi | Q11: Ruth Elizabeth | R11: 1804159828 | S11: González Suárez y 10 de Agosto | U11: 0984309848 | V11: Madre del estudiante | W11: 0990393704 | X11: Madre | AA11: Francisco Flor | AB11: 9o EGB | AD11: NO
A12: 2 | B12: claudia_elizt@yahoo.com | C12: 5o | D12: B (vespertina) | E12: Amancha Montesdeoca | F12: Allan Paul | G12: 1 | I12: Violín | J12: Gutama Galan Juan Diego | K12: Chico Analuisa Fabricio Renato | L12: Orquesta de cuerdas frotadas (violín, viola, violonchelo, contrabajo) | M12: 1850708684 | N12: 41585 | O12: 11 | P12: Montesdeoca Espin | Q12: Claudia Elizabeth | R12: 1600299539 | S12: Cdla España entre Malaga y Valencia | T12: 032415949 | U12: 099855333 | V12: Madre del estudiante | W12: 0998757686 | X12: Padre | Y12: 0998788906 | Z12: otro familiar | AA12: UNIDAD EDUCATIVA BOLIVAR | AB12: 8o EGB | AC12: Rinitis Alérgica al Polvo y al Frio | AD12: NO
A13: 3 | B13: solamancha132@gmail.com | C13: 5o | D13: B (vespertina) | E13: Amancha Moposita | F13: Juan Pablo | G13: 1 | I13: Clarinete | J13: Guananga Aizabucha Javier Santiago | K13: Chico Analuisa Fabricio Renato | L13: Ensamble de vientos (saxofón, clarinete, trompeta, trombón) | M13: 1850765460 | N13: 41302 | O13: 12 | P13: Amancha Caguana | Q13: Mario Félix | R13: 1802300440 | S13: Samanga | U13: 0984848720 | V13: Madre del estudiante | W13: 0983228834 | X13: otro familiar | Y13: 0987844733 | Z13: Estudiante | AA13: Unidad educativa bolivar | AB13: 8o EGB | AD13: NO
A14: 4 | B14: danydaniel717@outlook.es | C14: 5o | D14: B (vespertina) | E14: Anja Cruz | F14: Ángeles Daniela | H14: 1 | I14: Viola | J14: Jiménez Vega Mauricio Marmonte | K14: Laura Guamán Christian Daniel | L14: Orquesta de cuerdas frotadas (violín, viola, violonchelo, contrabajo) | M14: 1850990662 | N14: 41798 | O14: 11 | P14: Cruz moreta | Q14: Sara jacqueline | R14: 1804665295 | S14: Ambato | T14: 0962790164 | U14: 0962790164 | V14: Madre del estudiante | W14: 0958952215 | X14: Padre | AA14: Escuela la granja Ceblag | AB14: 7o EGB | AC14: No | AD14: NO
A15: 5 | B15: maryualarcon5@gmail.com | C15: 5o | D15: B (vespertina) | E15: Arias Alarcón | F15: Mateo Sebastián | G15: 1 | I15: Piano | J15: De la Cruz Changalombo Jorge Ramiro | K15: no aplica | L15: Coro (estudiantes de piano) | M15: 1851046712 | N15: 41854 | O15: 10 | P15: Alarcón Córdova | Q15: Marivel Alexandra | R15: 1804075041 | S15: Latacunga 0299 y Pichincha Alta | T15: 032400180 | U15: 0984947635 | V15: Madre del estudiante | W15: 0997812100 | X15: Padre | Y15: 0958624154 | Z15: otro familiar | AA15: Unidad Educativa Luis A. Martínez | AB15: 7o EGB | AD15: NO
A16: 6 | B16: che_quim@yahoo.es | C16: 5o | D16: B (vespertina) | E16: Checa Guerrero | F16: Emilia Salomé | H16: 1 | I16: Violín | J16: Obando Mayorga Byron Geovanny | K16: Laura Guamán Christian Daniel | L16: Orquesta de cuerdas frotadas (violín, viola, violonchelo, contrabajo) | M16: 1754960621 | N16: 41649 | O16: 11 | P16: Checa Gordillo | Q16: Carlos Miguel | R16: 1001979184 | S16: Ficoa las Palmas calle Girasoles 1-60 | T16: 2461162 | U16: 0999227439 | V16: Padre del estudiante | W16: 0992608980 | X16: Madre | AA16: Uk school | AB16: 7o EGB | AD16: NO
A17: 7 | B17: carlostudobem@gmail.com | C17: 5o | D17: B (vespertina) | E17: Erazo Gavilanes | F17: Naomi Thais | H17: 1 | I17: Percusión | J17: Tapia García Kevin Paúl | K17: Paredes Santana Marco Antonio | L17: Orquesta Sinfónica Bolívar | M17: 1751718287 | N17: 40526 | O17: 14 | P17: Erazo Moreno | Q17: Carlos Efren | R17: 1102619317 | S17: CAZADORES 302 Y JOSÉ MIREZ | T17: 32848188 | U17: 987836974 | V17: Padre del estudiante | W17: 987202416 | X17: Madre | Y17: 984222157 | Z17: otro familiar | AA17: West River Academy | AB17: 10o EGB | AD17: NO
A18: 8 | B18: jopaf23@hotmail.com | C18: 5o | D18: B (vespertina) | E18: Flores Fernandez | F18: Alison Sarahi | H18: 1 | I18: Piano | J18: De la Cruz Changalombo Jorge Ramiro | K18: no aplica | L18: Coro (estudiantes de piano) | M18: 1851139095 | N18: 41649 | O18: 11 | P18: Flores Tubon | Q18: John Paul | R18: 1802935484 | S18: La Habana Y La paz tras el crypres paraíso infantil sector la península Ambato | T18: 0984561442 | U18: 0984561442 | V18: Padre del estudiante | W18: 0984019636 | X18: Madre | AA18: Unidad Educativa Nueva Esperanza | AB18: 8o EGB | AD18: NO
A19: 9 | B19: tuespaciobellezap@gmail.com | C19: 5o | D19: B (vespertina) | E19: Guachambala Ramos | F19: Matías Caleb | G19: 1 | I19: Trompeta | J19: Pérez Mayorga Edwin Israel | K19: Paredes Santana Marco Antonio | L19: Ensamble de vientos (saxofón, clarinete, trompeta, trombón) | M19: 1851095735 | N19: 41906 | O19: 10 | P19: Guachambala Masaquiza | Q19: Darwin Xavier | R19: 1803513579 | S19: Bellavista Santa Rosa | U19: 0986911089 | V19: Padre del estudiante | W19: 0998851611 | X19: Estudiante | Y19: 0989275304 | Z19: otro familiar | AA19: Unidad educativa Suizo | AB19: 7o EGB
A20: 10 | B20: jvargas300681@gmail.com | C20: 5o | D20: B (vespertina) | E20: Guaman Vargas | F20: Karla Analía | H20: 1 | I20: Violín | J20: Gutama Galan Juan Diego | K20: Paredes Santana Marco Antonio | L20: Orquesta de cuerdas frotadas (violín, viola, violonchelo, contrabajo) | M20: 1850677574 | N20: 41578 | O20: 11 | P20: Vargas Tisalema | Q20: Jeanette Isabel | R20: 1803444734 | S20: Avda Galo Vela y Batista Alberti | T20: 032758361 | U20: 0998555181 | V20: Madre del estudiante | W20: 0998579283 | X20: Padre | Y20: 0962232671 | Z20: Estudiante | AA20: Unidad Educativa Pedro Fermín Cevallos | AB20: 8o EGB | AC20: Luxación de cadera | AD20: NO
A21: 11 | B21: vane_pico31@hotmail.com | C21: 5o | D21: B (vespertina) | E21: Jordán Pico | F21: Noa Micaela | H21: 1 | I21: Violín | J21: Amores Valdivieso Jenny Natividad | K21: Tocto Villareal Marco Antonio | L21: Orquesta de cuerdas frotadas (violín, viola, violonchelo, contrabajo) | M21: 1851046647 | N21: 41820 | O21: 11 | P21: Pico Solis | Q21: Vanessa Monserrath | R21: 1804977658 | S21: Huachi el Belén | T21: 032758306 | U21: 0998757875 | V21: Madre del estudiante | W21: 098-401-4439 | X21: Padre | Y21: 0993762590 | Z21: otro familiar | AA21: U.E Santo Domingo de Guzmán | AB21: 7o EGB | AD21: NO
A22: 12 | B22: patricia.d.espinoza.s@gmail.com | C22: 5o | D22: B (vespertina) | E22: Muzo Espinoza | F22: Santiago Jesús | G22: 1 | I22: Trombón | J22: Peralta Aponte Christian Hernán | K22: Tocto Villareal Marco Antonio | L22: Ensamble de vientos (saxofón, clarinete, trompeta, trombón) | M22: 1850999671 | N22: 41710 | O22: 11 | P22: Espinoza Silva | Q22: Diane Patricia | R22: 1716547565 | S22: Cervantes y Ernesto Alvarado | T22: 0984598996 | U22: 0984598996 | V22: Madre del estudiante | W22: 0995887999 | X22: Padre | Y22: 0969095118 | Z22: otro familiar | AA22: Lasalle | AB22: 7o EGB | AC22: Alergia a la picadura de insectos | AD22: NO | AE22: Ninguna
A23: 13 | B23: consuuriarte80@gmail.com | C23: 5o | D23: B (vespertina) | E23: Ocaña Uriarte | F23: Gabriel Alejandro | G23: 1 | I23: Violín | J23: Amores Valdivieso Jenny Natividad | K23: Chico Analuisa Fabricio Renato | L23: Orquesta de cuerdas frotadas (violín, viola, violonchelo, contrabajo) | M23: 1851078467 | N23: 41909 | O23: 10 | P23: Uriarte García | Q23: Mariana del Consuelo | R23: 0201636685 | S23: Av Cervantes SW 10-13 y Pareja Diezcansecp, conjunto habitacional Santorini Casa #3 | T23: 032586883 | U23: 0988101183 | V23: Madre del estudiante | W23: 0988332794 | X23: Padre | Y23: 0988096717 | Z23: otro familiar | AA23: Unidad educativa Rodríguez Albornoz | AB23: 7o EGB | AD23: NO
A24: 14 | B24: dparedesproanio1@gmail.com | C24: 5o | D24: B (vespertina) | E24: Paredes Proaño | F24: David Ismael | H24: 1 | I24: Percusión | J24: Tapia García Kevin Paúl | K24: Fonseca Sandoval Walter Guillermo | L24: Orquesta Sinfónica Bolívar | M24: 1850249481 | N24: 41060 | O24: 13 | P24: Paredes Urquizo | Q24: Luis Medardo | R24: 1803078797 | S24: Calle Bolivia y Venezuela. Edificio cooperativa Educadores de Tungurahua | T24: 032521485 | U24: 0984493901 | V24: Padre del estudiante | W24: 0992531420 | X24: Madre | Y24: 0963549470 | Z24: Estudiante | AA24: Liceo Policial Mayor Galo Miño | AB24: 9o EGB | AC24: Rinitis Alérgica (Alergia al frío y al polvo ) | AD24: NO
A25: 15 | B25: maricelacarvajal44@gmail.com | C25: 5o | D25: B (vespertina) | E25: Pérez Carvajal | F25: Andrea Salome | G25: 1 | I25: Violín | J25: Villena Cárdenas Maria Isabel | K25: Fonseca Sandoval Walter Guillermo | L25: Orquesta de cuerdas frotadas (violín, viola, violonchelo, contrabajo) | M25: 1850861897 | N25: 41726 | O25: 11 | P25: Carvajal Aguilar | Q25: Martha Maricela | R25: 1803835956 | S25: Izamba | T25: 032510927 | U25: 0998396193 | V25: Madre del estudiante | W25: 0992713981 | X25: Padre | AA25: UE Tirso de Molina | AB25: 6o EGB | AC25: Ninguna | AD25: NO
A26: 16 | B26: gruporadialcontinental@hotmail.com | C26: 5o | D26: B (vespertina) | E26: Velástegui Vilcacundo | F26: Martín Ignacio | G26: 1 | I26: Saxofón | J26: Guananga Aizabucha Javier Santiago | K26: Laura Guamán Christian Daniel | L26: Ensamble de vientos (saxofón, clarinete, trompeta, trombón) | M26: 1850861152 | N26: 41725 | O26: 11 | P26: Velástegui Osorio | Q26: Luis Alberto | R26: 1802342939 | S26: Quis Quis 21-49 y Córdova | T26: 032526888 | U26: 0962900099 | V26: Padre del estudiante | W26: 0962900097 | X26: Madre | Y26: 0963666555 | Z26: otro familiar | AA26: U.E.Glenn Doman | AB26: 7o EGB | AC26: Rinitis alérgica | AD26: NO
A27: 17 | B27: mayve.0110@gmail.com | C27: 5o | D27: B (vespertina) | E27: Villacrés López | F27: Verónica Kamila | H27: 1 | I27: Guitarra | J27: Chicaiza Cuenca Rubén Geovany | K27: Guzñay Paca Inti Rafael | L27: Ensamble de guitarras | M27: 1850343979 | N27: 41174 | O27: 12 | P27: López Garzón | Q27: Mayra Verónica | R27: 1802488534 | S27: Ficoa, Barrio madrigal calle Higos y Níspolas | T27: 035018179 | U27: 0999839691 | V27: Madre del estudiante | W27: 0984009410 | X27: Padre | Y27: 0 98 205 0172 | Z27: otro familiar | AA27: Unidad Educativa Rumiñahui | AB27: 9o EGB | AC27: No | AD27: SI | AE27: TDHA
G28: =SUM(G11:G27) -> 8 | H28: =SUM(H11:H27) -> 9
A31: No | B31: Dirección de correo electrónico | C31: Año de estudio | D31: PARALELO (señalar el mismo paralelo en el que estuvieron el año anterior) | E31: Apellidos del Estudiante | F31: Nombres del Estudiante | G31: M | H31: F | I31: Instrumento que estudia en el Conservatorio Bolívar | J31: Maestro de Instrumento | K31: Docente de piano complementario solo para estudiantes de cuerdas y vientos, no para pianistas | L31: Agrupación a la que pertenece | M31: Número de Cédula del Estudiante | N31: Fecha de Nacimiento del estudiante | O31: Edad del estudiante (solo escribir el número de la edad que tiene) | P31: Apellidos del Representante del Estudiante | Q31: Nombres del Representante del Estudiante | R31: Número de cédula del Representante | S31: Dirección | T31: Número telefónico convencional | U31: Número telefónico celular 1 | V31: Número telefónico celular 1 pertenece a | W31: Número telefónico celular 2 | X31: Número celular 2 pertenece a | Y31: Número telefónico celular 3 | Z31: Número celular 3 pertenece a | AA31: Institución que estudia su formación regular | AB31: Año de Estudio en su formación Regular | AC31: ¿Existe alguna alergia/enfermedad/ condición del estudiante que la institución debe tener en cuenta durante clases? | AD31: Indique si su representado tiene alguna Necesidad Educativa no asociada a una discapacidad | AE31: Si respondió SI Indique cual es la necesidad educativa
A32: 1 | B32: omarandaluz@yahoo.es | C32: 5o | D32: C (vespertina) | E32: Andaluz Coba | F32: Hayden Joshua | G32: 1 | I32: Violín | J32: Sumbana Quinapanta Luis Enrique | K32: Chico Analuisa Fabricio Renato | L32: Orquesta de cuerdas frotadas (violín, viola, violonchelo, contrabajo) | M32: 1850820851 | N32: 41718 | O32: 11 | P32: Andaluz Pillapa | Q32: Edgar Omar | R32: 1803205879 | S32: Pelileo Barrio Central | T32: 00 | U32: 0998904642 | V32: Padre del estudiante | W32: 0984947996 | X32: Madre | Y32: 0984005054 | Z32: otro familiar | AA32: UE Gabriela Mistral | AB32: 7o EGB | AC32: No | AD32: NO
A33: 2 | B33: bastidas.alex@yahoo.com | C33: 5o | D33: C (vespertina) | E33: Bastidas Toapanta | F33: Helen Domenica | H33: 1 | I33: Piano | J33: Chicaiza Yánez Jefferson Alexander | K33: no aplica | L33: Coro (estudiantes de piano) | M33: 1850752690 | N33: 41667 | O33: 11 | P33: Bastidas Alcaciega | Q33: Alex Roberto | R33: 1804983821 | S33: La Victoria ,Calle Caazapá entre Maracaibo e Indoamerica | T33: 0000000000000000 | U33: 0983818355 | V33: Padre del estudiante | W33: 0998955879 | X33: Madre | Y33: 0995236468 | Z33: otro familiar | AA33: Unidad educativa Suizo | AB33: 7o EGB | AC33: Tiene seguimiento por un tipo de cáncer que la tratan en la ciudad de Quito hospital pediátrico Baca Ortiz
A34: 3 | B34: elbaapo22@gmail.com | C34: 5o | D34: C (vespertina) | E34: Calle Apo | F34: Erick Alexander | G34: 1 | I34: Guitarra | J34: Cumbicos Macas José Luis | K34: Paredes Santana Marco Antonio | L34: Ensamble de guitarras | M34: 1850253434 | N34: 41062 | O34: 13 | P34: Apo Zumbana | Q34: Elba Cecilia | R34: 1803721958 | S34: Barrio Solis, calle Segundo Cueva Celi y Carlos Toro Lema | T34: 0 | U34: 0999964083 | V34: Madre del estudiante | W34: 0979927967 | X34: Padre | Y34: 0984836891 | Z34: otro familiar | AA34: Pedro Fermín Cevallos | AB34: 9o EGB | AD34: NO
A35: 4 | B35: repm18@yahoo.es | C35: 5o | D35: C (vespertina) | E35: Cordovilla Pérez | F35: Daniel Isaac | G35: 1 | I35: Trompeta | J35: Pérez Mayorga Edwin Israel | K35: Paredes Santana Marco Antonio | L35: Ensamble de vientos (saxofón, clarinete, trompeta, trombón) | M35: 1850903194 | N35: 41749 | O35: 11 | P35: Pérez Mayorga | Q35: Ruth Elizabeth | R35: 1803576121 | S35: Parroquia Atahualpa | T35: 032510028 | U35: 0998906961 | V35: Madre del estudiante | AA35: Tirso de Molina | AB35: 7o EGB | AD35: NO
A36: 5 | B36: andreasolgarces@gmail.com | C36: 5o | D36: C (vespertina) | E36: Cristellot Garcés | F36: Bianca Grazziela | H36: 1 | I36: Violín | J36: Villena Cárdenas Maria Isabel | K36: Chico Analuisa Fabricio Renato | L36: Orquesta de cuerdas frotadas (violín, viola, violonchelo, contrabajo) | M36: 0650312903 | N36: 42160 | O36: 12 | P36: Garcés Cabezas | Q36: Andrea Soledad | R36: 1713914156 | S36: Gualaceo y Libertad | T36: 035505361 | U36: 0960739966 | V36: Madre del estudiante | W36: 0969660866 | X36: Padre | AA36: Mario Cobo Barona | AB36: 8o EGB | AD36: NO
A37: 6 | B37: parragafabiola18@gmail.com | C37: 5o | D37: C (vespertina) | E37: Gómez Párraga | F37: Jesús Alexander | G37: 1 | I37: Piano | J37: Erazo Moreno Carlos Efrén | K37: no aplica | L37: Coro (estudiantes de piano) | M37: 1850572106 | N37: 41437 | O37: 12 | P37: Párraga Dueñas | Q37: Blanca Fabiola | R37: 1308974672 | S37: La Merced | T37: 000000000 | U37: 0992909997 | V37: Madre del estudiante | W37: 0984559020 | X37: otro familiar | Y37: 0998614214 | Z37: otro familiar | AA37: U. E. Teresa Flor | AB37: 8o EGB | AD37: NO
A38: 7 | B38: deniseproao@gmail.com | C38: 5o | D38: C (vespertina) | E38: Jiménez Proaño | F38: María Paz | H38: 1 | I38: Clarinete | J38: Guananga Aizabucha Javier Santiago | K38: Tocto Villareal Marco Antonio | L38: Ensamble de vientos (saxofón, clarinete, trompeta, trombón) | M38: 1850770783 | N38: 41675 | O38: 11 | P38: Proaño López | Q38: Denise Patricia | R38: 1803732567 | S38: Av Barcelona y Jorge Manrique | T38: 032841854 | U38: 0984698039 | V38: Madre del estudiante | W38: 0995877551 | X38: Padre | Y38: 0939592635 | Z38: otro familiar | AA38: Sna pio x | AB38: 7o EGB | AC38: No | AD38: NO
A39: 8 | B39: mariesther7@gmail.com | C39: 5o | D39: C (vespertina) | E39: Rivadeneira Vivar | F39: David Sebastián | G39: 1 | I39: Percusión | J39: Tapia García Kevin Paúl | K39: Tocto Villareal Marco Antonio | L39: Orquesta Sinfónica Bolívar | M39: 1805573787 | N39: 41240 | O39: 12 | P39: Rivadeneira Flores | Q39: María Esther | R39: 1803100492 | S39: Santa Rosa calle Rocafuerte y Venezuela | T39: 032755130 | U39: 0987300405 | V39: Madre del estudiante | W39: 0939307055 | X39: Estudiante | Y39: 0981524020 | Z39: otro familiar | AA39: UE Francisco Flor | AB39: 9o EGB | AD39: NO
A40: 9 | B40: mercesc1980@hotmail.com | C40: 5o | D40: C (vespertina) | E40: Sánchez Salinas | F40: Steven Adriel | G40: 1 | I40: Piano | J40: Chicaiza Yánez Jefferson Alexander | K40: no aplica | L40: Coro (estudiantes de piano) | M40: 1850658145 | N40: 41521 | O40: 11 | P40: Salinas Carvajal | Q40: Mercedes Cumanda | R40: 1803360106 | S40: Augusto Martínez | T40: 2856139 | U40: 0992171562 | V40: Madre del estudiante | W40: 0987025944 | X40: Padre | Y40: 0 99 997 1052 | Z40: otro familiar | AA40: Unidad Educativa Honorato Vásquez | AB40: 7o EGB | AD40: NO
A41: 10 | B41: marydekcarmen1710@gmail.com | C41: 5o | D41: C (vespertina) | E41: Telenchana Sánchez | F41: Alisson Evolet | H41: 1 | I41: Piano | J41: Díaz Loyola David Descartes | K41: no aplica | L41: Coro (estudiantes de piano) | M41: 1850997733 | N41: 41765 | O41: 11 | P41: Telenchana Cuspa | Q41: Edwin Fabricio | R41: 1804174181 | S41: Calle Guanajuato y Av Indoamerica | T41: 032450247 | U41: 0984278979 | V41: Padre del estudiante | W41: 0983804494 | X41: Madre | AA41: UE Rodriguez Albornoz | AB41: 7o EGB
A42: 11 | B42: sabelitan@hotmail.com | C42: 5o | D42: C (vespertina) | E42: Terán Anchaguano | F42: Danna Maite | H42: 1 | I42: Violín | J42: Villena Cárdenas Maria Isabel | K42: Chico Analuisa Fabricio Renato | L42: Orquesta de cuerdas frotadas (violín, viola, violonchelo, contrabajo) | M42: 1850907872 | N42: 41755 | O42: 11 | P42: Terán Moreano | Q42: Ruben Edison | R42: 0502074040 | S42: Av. Los Atis | U42: 0998522669 | V42: Padre del estudiante | W42: 0999958209 | X42: Madre | Y42: 0987056412 | Z42: Estudiante | AA42: Juan Leon Mera La Salle | AB42: 7o EGB | AC42: No | AD42: NO
A43: 12 | B43: daniela.mayorga1983@gmail.com | C43: 5o | D43: C (vespertina) | E43: Valladares Mayorga | F43: Daniel Maximiliano | G43: 1 | I43: Piano | J43: Caiza Caiza Roberto Carlos | K43: no aplica | L43: Coro (estudiantes de piano) | M43: 1850972074 | N43: 41803 | O43: 11 | P43: Mayorga Solis | Q43: Daniela | R43: 1803591898 | S43: Ambato | U43: 0982472989 | V43: Madre del estudiante | W43: 0992947227 | X43: Madre | AA43: Santo Domingo de Guzmán | AB43: 7o EGB | AC43: No | AD43: NO
A44: 13 | B44: elizsanec@hotmail.com | C44: 5o | D44: C (vespertina) | E44: Vallejo Insuasti | F44: Juan David | G44: 1 | I44: Piano | J44: Díaz Loyola David Descartes | K44: no aplica | L44: Coro (estudiantes de piano) | M44: 1851105401 | N44: 41946 | O44: 10 | P44: Insuasti Arias | Q44: Sandra Elizabeth | R44: 1711119022 | S44: Parroquia Augusto N Martinez | T44: 032525827 | U44: 0986973014 | V44: Madre del estudiante | W44: 0959746167 | X44: Padre | AA44: Unidad Educativa Juan Montalvo | AB44: 7o EGB | AD44: NO
A45: 14 | B45: anitakity28@gmail.com | C45: 5o | D45: C (vespertina) | E45: Villa Sevilla | F45: Thiago Josué | G45: 1 | I45: Piano | J45: Chicaiza Yánez Jefferson Alexander | K45: no aplica | L45: Coro (estudiantes de piano) | M45: 1850772664 | N45: 41680 | O45: 11 | P45: Sevilla Ortiz | Q45: Ana Cristina | R45: 1804015533 | S45: Catiglata | U45: 0983959805 | V45: Madre del estudiante | W45: 0998407117 | X45: otro familiar | Y45: 0996855912 | Z45: Estudiante | AA45: Unidad Educativa Teresa Flor | AB45: 7o EGB | AD45: NO
A46: 15 | B46: matiasyaule56@gmail.com | C46: 5o | D46: C (vespertina) | E46: Yaule Chingo | F46: Matías Joel | G46: 1 | I46: Clarinete | J46: Guananga Aizabucha Javier Santiago | K46: Laura Guamán Christian Daniel | L46: Ensamble de vientos (saxofón, clarinete, trompeta, trombón) | M46: 0550409650 | N46: 40549 | O46: 14 | P46: Silvia Liliana | Q46: Chingo Yanchaguano | R46: 0503271082 | S46: Latacunga barrio Patután | T46: 0270537 | U46: 0979050832 | V46: Madre del estudiante | W46: 0999002221 | X46: Padre | Y46: 0993271230 | Z46: Estudiante | AA46: Unidad educativa Inés Cobo Donoso | AB46: 10o EGB | AC46: Conjuntivitis crónica y pérdida total de la audición del oído izquierdo | AD46: NO
G47: =SUM(G32:G46) -> 10 | H47: =SUM(H32:H46) -> 5
A49: 13 | B49: glizperm@yahoo.com | C49: 5o | D49: C (vespertina) | E49: Tobar Pérez | F49: Camila Alejandra | H49: 1 | I49: Viloncello | J49: Peña Núñez Andrea Michelle | K49: Paredes Santana Marco Antonio | L49: Orquesta de cuerdas frotadas (violín, viola, violonchelo, contrabajo) | M49: 1850730639 | N49: 41641 | O49: 11 | P49: Pérez Mayorga | Q49: Gloria Lisett | R49: 1803499266 | S49: Calle Jambeli y chopo sector la victoria | T49: 0 | U49: 0969295950 | V49: Madre del estudiante | W49: 0994048849 | X49: Padre | Y49: 0982935741 | Z49: otro familiar | AA49: Sagrada Familia | AB49: 8o EGB | AD49: SI
A50: 8 | B50: vanessaalcivardova@gmail.com | C50: 5o | D50: C (vespertina) | E50: Medina Alcívar | F50: Dorian Dimitri | G50: 1 | I50: Piano | J50: Caiza Caiza Roberto Carlos | K50: no aplica | L50: Coro (estudiantes de piano) | M50: 1851046571 | N50: 41848 | O50: 10 | P50: Alcívar Fuentes | Q50: María Vanessa | R50: 1804144671 | S50: Batalla de Jambelí y Palo de Balsa Conjunto Residencial Guadalupana casa 21 | T50: 032526559 | U50: 0987375228 | V50: Madre del estudiante | W50: 0998934655 | X50: Padre | AA50: San Pío X | AB50: 7o EGB | AC50: Si alergia a tartrazina, parabenos y colorantes rojo y amarillo | AD50: NO
A51: 6 | B51: ecoplastgalapagos2016@gmail.com | C51: 5o | D51: A (matutina) | E51: Sinche Masaquiza | F51: Mirza Zafiro | H51: 1 | I51: Violín | J51: Villena Cárdenas Maria Isabel | K51: Guzñay Paca Inti Rafael | L51: Orquesta de cuerdas frotadas (violín, viola, violonchelo, contrabajo) | M51: 2050015086 | N51: 41441 | O51: 12 | P51: Masaquiza Muyulema | Q51: Elvia Lusmila | R51: 1802393403 | S51: Av. Circunvalación y 10 de agosto (Quisapincha) | U51: 0995333798 | V51: Madre del estudiante | W51: 0999737480 | X51: otro familiar | Y51: 0983300704 | Z51: Padre | AA51: AIU High School | AB51: 9o EGB | AC51: Alergias

Sheet 6o
A1: No | B1: Dirección de correo electrónico | C1: Año de estudio | D1: PARALELO (señalar el mismo paralelo en el que estuvieron el año anterior) | E1: Apellidos del Estudiante (Escribir la primera letra en Mayúsculas y las demás en minúsculas. Por ejemplo Pérez López ) | F1: Nombres del Estudiante (Escribir la primera letra en Mayúsculas y las demás en minúsculas. Por ejemplo Juan José) | G1: M | H1: F | I1: Instrumento que estudia en el Conservatorio Bolívar | J1: Maestro de Instrumento | K1: Docente de piano complementario solo para estudiantes de cuerdas y vientos, no para pianistas | L1: Agrupación a la que pertenece | M1: Número de Cédula del Estudiante | N1: Fecha de Nacimiento del estudiante | O1: Edad del estudiante (solo escribir el número de la edad que tiene) | P1: Apellidos del Representante del Estudiante(Escribir la primera letra en Mayúsculas y las demás en minúsculas) | Q1: Nombres del Representante del Estudiante(Escribir la primera letra en Mayúsculas y las demás en minúsculas) | R1: Número de cédula del Representante | S1: Dirección | T1: Número telefónico convencional | U1: Número telefónico celular 1 | V1: Número telefónico celular 1 pertenece a | W1: Número telefónico celular 2 | X1: Número celular 2 pertenece a | Y1: Número telefónico celular 3 | Z1: Número celular 3 pertenece a | AA1: Institución que estudia su formación regular | AB1: Año de Estudio en su formación Regular | AC1: ¿Existe alguna alergia/enfermedad/ condición del estudiante que la institución debe tener en cuenta durante clases? Por favor en caso de no existir dejar en blanco esta sección. | AD1: Indique si su representado tiene alguna Necesidad Educativa no asociada a una discapacidad | AE1: Si respondió SI Indique cual es la necesidad educativa
A2: 1 | B2: normita_522@gmail.com | C2: 6o | D2: B (vespertina) | E2: Acurio Pérez | F2: Naomi Salomé | H2: 1 | I2: Piano | J2: Solís Solís Juan Francisco | K2: no aplica | L2: Coro Vespertino | M2: 1850396787 | N2: 41302 | O2: 12 | P2: Pérez Medina | Q2: NORMA Guadalupe | R2: 1802569952 | S2: Agustín N Martínez | T2: 032525507 | U2: 995288418 | V2: Madre del estudiante | W2: 099 992 46 51 | X2: Madre | Y2: 0960017144 | Z2: otro familiar | AA2: U. E. Adventista Ambato | AB2: 7o EGB | AD2: NO
A3: 2 | B3: eve.bastidas15@gmail.com | C3: 6o | D3: B (vespertina) | E3: Bastidas Choco | F3: Anika Juliette | H3: 1 | I3: Flauta Traversa | J3: Nuñez Cunalata Zoila Delia | K3: Chico Analuisa Fabricio Renato | L3: Banda Sinfónica Edison Chiluisa | M3: 1850536812 | N3: 41329 | O3: 12 | P3: Bastidas Choco | Q3: Segundo Ramón | R3: 1802969855 | S3: Valladolid y 12 de Octubre | U3: 0983234500 | V3: Padre del estudiante | W3: 0998221214 | X3: Estudiante | Y3: 0989928852 | Z3: Estudiante | AA3: Hispano América | AB3: 8o EGB | AD3: NO
A4: 3 | B4: bonilladaniel77@yahoo.es | C4: 6o | D4: B (vespertina) | E4: Bonilla Calderón | F4: Camilo Sebastián | G4: 1 | I4: Trompeta | J4: Pérez Mayorga Edwin Israel | K4: Paredes Santana Marco Antonio | L4: Orquesta Sinfónica Bolívar | M4: 1850724533 | N4: 41637 | O4: 11 | P4: Bonilla Flores | Q4: Daniel Roberto | R4: 1803108560 | S4: Plutarco Naranjo y Vicente Rocafuerte (Santa Rosa - Ambato) | T4: 032754112 | U4: 0987591649 | V4: Padre del estudiante | W4: 0998582863 | X4: Madre | AA4: Glenn Doman | AB4: 9o EGB | AC4: Ninguna | AD4: NO
A5: 4 | B5: ladyvivanco1981@gmail.com | C5: 6o | D5: B (vespertina) | E5: Checa Vivanco | F5: Jordy Gael | G5: 1 | I5: Piano | J5: Caiza Caiza Roberto Carlos | K5: no aplica | L5: Coro Vespertino | M5: 1850315993 | N5: 41152 | O5: 12 | P5: Checa Brito | Q5: Darwin Leodan | R5: 0501941603 | S5: Izamba | T5: 032498473 | U5: 0984510936 | V5: Padre del estudiante | W5: 0983822542 | X5: Madre | Y5: 0998612951 | Z5: Estudiante | AA5: Unidad Educativa Juan Montalvo | AB5: 9o EGB | AC5: Alergia Frio y Polvo | AD5: SI | AE5: Problemas aprendizaje
A6: 5 | B6: jane1992ani@gmail.com | C6: 6o | D6: B (vespertina) | E6: Chuqui Anilema | F6: Diego Aldair | G6: 1 | I6: Piano | J6: De la Cruz Changalombo Jorge Ramiro | K6: no aplica | L6: Coro Vespertino | M6: 1850526375 | N6: 41389 | O6: 12 | P6: Anilema Guacho | Q6: Jeaneth Luisa | R6: 1804646329 | S6: Barrio solis | U6: 0987776524 | V6: Madre del estudiante | W6: 0 96 763 8844 | X6: Estudiante | AA6: Francisco flor | AB6: 8o EGB | AC6: No | AD6: NO
A7: 6 | B7: blankynes77@hotmail.com | C7: 6o | D7: B (vespertina) | E7: Chuqui Caguano | F7: Alison Belen | H7: 1 | I7: Piano | J7: Erazo Moreno Carlos Efrén | K7: no aplica | L7: Coro Vespertino | M7: 1850301837 | N7: 41142 | O7: 12 | P7: Caguano Galarza | Q7: Blanca Ines | R7: 1803435880 | S7: Av. Julio Jaramillo y Psj.Feraud Guzman | T7: 032511103 | U7: 0983030122 | V7: Madre del estudiante | W7: 0998266823 | X7: otro familiar | Y7: 0995765376 | Z7: otro familiar | AA7: Unidad Educativa Francisco Flor | AB7: 9o EGB | AC7: Alergia a toda clase de colorante, comidas especificas | AD7: NO
A8: 7 | B8: javierdran@outlook.es | C8: 6o | D8: B (vespertina) | E8: Duran Ordoñez | F8: Adriana Valentina | H8: 1 | I8: Violín | J8: Jiménez Vega Mauricio Marmonte | K8: Fonseca Sandoval Walter Guillermo | L8: Orquesta Sinfónica Bolívar | M8: 1850812510 | N8: 41706 | O8: 11 | P8: Duran Cevallos | Q8: Claudio Javier | R8: 1804063954 | S8: Issac Robayo y Av Atahualpa | T8: 032843349 | U8: 0987517307 | V8: Padre del estudiante | W8: 0992983170 | X8: otro familiar | Y8: 098749905 | Z8: otro familiar | AA8: Rodríguez Albornoz | AB8: 6o EGB | AD8: NO
A9: 8 | B9: jenny_j812@yahoo.es | C9: 6o | D9: B (vespertina) | E9: Fernández Jaque | F9: André Matias | G9: 1 | I9: Piano | J9: Acosta Zagal Karolina | K9: no aplica | L9: Coro Vespertino | M9: 1850290873 | N9: 41130 | O9: 13 | P9: Fernández Vacacela | Q9: Manuel | R9: 1714126115 | S9: Izamba Barrio La Merced | T9: 032498451 | U9: 0994394978 | V9: Padre del estudiante | W9: 0998637627 | X9: Madre | Y9: 0999203605 | Z9: otro familiar | AA9: U.E Sagrada Familia | AB9: 9o EGB | AD9: NO
A10: 9 | B10: marthatipanluiz@gmail.com | C10: 6o | D10: B (vespertina) | E10: Gaibor Tipanluiza | F10: Daniel Benjamín | G10: 1 | I10: Viloncello | J10: Peña Núñez Andrea Michelle | K10: Fonseca Sandoval Walter Guillermo | L10: Banda Sinfónica Edison Chiluisa | M10: 1850395890 | N10: 41300 | O10: 12 | P10: Tipanluiza Ramirez | Q10: Martha Susana | R10: 1802946457 | S10: Parroquia La Península( Conjunto los Tulipanes casa 4) | T10: 02445083 | U10: 0983714129 | V10: Madre del estudiante | W10: 0983194425 | X10: Padre | Y10: 0989857317 | Z10: otro familiar | AA10: UE Nueva Esperanza | AB10: 8o EGB | AD10: NO
A11: 10 | B11: mfm380146@gmail.com | C11: 6o | D11: B (vespertina) | E11: Guamán Flores | F11: Poleth Anahi | H11: 1 | I11: Piano | J11: Erazo Moreno Carlos Efrén | K11: no aplica | L11: Coro Vespertino | M11: 1728257344 | N11: 41399 | O11: 12 | P11: Flores Montenegro | Q11: Mayra Adela | R11: 2100426853 | S11: Av. Luis Pasteur y psje. Surinam | T11: 00000000 | U11: 0995597637 | V11: Madre del estudiante | W11: 0987070059 | X11: Padre | Y11: S/N | AA11: Unidad Educativa Ambato | AB11: 8o EGB | AD11: NO
A12: 11 | B12: wilizita4@gmail.com | C12: 6o | D12: B (vespertina) | E12: Guamán Zapata | F12: Helen Camila | H12: 1 | I12: Violín | J12: Amores Valdivieso Jenny Natividad | K12: Chico Analuisa Fabricio Renato | L12: Orquesta Sinfónica Bolívar | M12: 1850690411 | N12: 41570 | O12: 11 | P12: Zapata Herrera | Q12: Wilma Elizabeth | R12: 1803694262 | S12: Cevallos 21-39 y Guayaquil | T12: 032422156 | U12: 0995596845 | V12: Padre del estudiante | W12: 0992918864 | X12: otro familiar | Y12: 0983360945 | Z12: otro familiar | AA12: Unidad Educativa Santo Domingo de Guzmán | AB12: 8o EGB | AC12: Alergia ácaros, lana de gato perro, polen, Resistencia a la insulina | AD12: NO
A13: 12 | B13: magalysilva142@gmail.com | C13: 6o | D13: B (vespertina) | E13: Guamanquispe Silva | F13: Matías Aldair | G13: 1 | I13: Guitarra | J13: Chico Espinoza Edwin Patricio | K13: Guzñay Paca Inti Rafael | L13: Ensamble de Guitarras | M13: 1850304138 | N13: 41114 | O13: 13 | P13: Silva andrade | Q13: Betty Magaly | R13: 1804025334 | S13: Solano y quito | T13: 0983781593 | U13: 0983781593 | V13: Madre del estudiante | W13: 0992944737 | X13: otro familiar | Y13: 0998976434 | Z13: Estudiante | AA13: U.E.Juan Montalvo | AB13: 9o EGB | AD13: NO
A14: 13 | B14: ggarces1973@gmail.com | C14: 6o | D14: B (vespertina) | E14: Guerrero Moya | F14: Luciana Salomé | H14: 1 | I14: Flauta Traversa | J14: Nuñez Cunalata Zoila Delia | K14: Chico Analuisa Fabricio Renato | L14: Banda Sinfónica Edison Chiluisa | M14: 1805590997 | N14: 41334 | O14: 12 | P14: Garcés Lozada | Q14: Giovanna Elizabeth | R14: 1802518827 | S14: Twinza y Efraín Pilco - Parroquia Atahualpa | T14: 032525840 | U14: 0992232687 | V14: Madre del estudiante | W14: 0962900434 | X14: Estudiante | Y14: 0999637881 | Z14: otro familiar | AA14: Unidad Educativa Ambato | AB14: 8o EGB | AD14: NO
A15: 14 | B15: pilicon_urod@hotmail.com | C15: 6o | D15: B (vespertina) | E15: Olivo Urvina | F15: Leandro Esteban | G15: 1 | I15: Guitarra | J15: Chico Espinoza Edwin Patricio | K15: Guzñay Paca Inti Rafael | L15: Ensamble de Guitarras | M15: 1850320811 | N15: 41165 | O15: 12 | P15: Urvina Rodríguez | Q15: Pilar del.Consuelo | R15: 1803073715 | S15: Río Payamino M16 y Río Guapante | U15: 0998843419 | V15: Madre del estudiante | W15: 0963419130 | X15: otro familiar | Y15: 0985096406 | Z15: otro familiar | AA15: UE Glenn Doman | AB15: 9o EGB | AC15: No | AD15: NO
A16: 15 | B16: alexandralvarez89@gmail.com | C16: 6o | D16: B (vespertina) | E16: Perez Alvarez | F16: Alex Steven | G16: 1 | I16: Piano | J16: Acosta Zagal Karolina | K16: no aplica | L16: Coro Vespertino | M16: 1850637651 | N16: 41484 | O16: 11 | P16: Alvarez Garzon | Q16: Yadira Alexandra | R16: 1804176194 | S16: Augusto N. Martinez | T16: 032522324 | U16: 0998964988 | V16: Madre del estudiante | W16: 0998332001 | Y16: 0987075872 | Z16: Estudiante | AA16: Unidad Educativa San Pio X | AB16: 8o EGB | AD16: NO
A17: 16 | B17: gabiromero@ymail.com | C17: 6o | D17: B (vespertina) | E17: Quinapanta Romero | F17: Leandro Javier | G17: 1 | I17: Piano | J17: De la Cruz Changalombo Jorge Ramiro | K17: no aplica | L17: Coro Vespertino | M17: 1850326743 | N17: 41177 | O17: 12 | P17: Quinapanta vargas | Q17: Javier Dario | R17: 1803093424 | S17: Ambato | T17: 2586167 | U17: 0987662821 | V17: Padre del estudiante | W17: 0987024722 | X17: Madre | Y17: 0963595391 | Z17: Estudiante | AA17: Colegio Indoamerica | AB17: 8o EGB | AD17: NO
A18: 17 | B18: pabloian2013@gmail.com | C18: 6o | D18: B (vespertina) | E18: Robalino Guerrero | F18: Ian Yngwie | G18: 1 | I18: Guitarra | J18: Chicaiza Cuenca Rubén Geovany | K18: Guzñay Paca Inti Rafael | L18: Ensamble de Guitarras | M18: 1805602016 | N18: 41527 | O18: 11 | P18: Guerrero Ramos | Q18: Rosa Nataly | R18: 1804135232 | S18: Ramon Salazar y Leonidas Viteri Esq. | T18: 2588039 | U18: 0995823599 | V18: Madre del estudiante | W18: 0984852617 | X18: Padre | Y18: 0979143715 | Z18: Estudiante | AA18: Juan Leon Mera - La Salle | AB18: 8o EGB | AD18: NO
A19: 18 | B19: ljl27a27@live.com | C19: 6o | D19: B (vespertina) | E19: Rosales Jordán | F19: Andrés Sebastián | G19: 1 | I19: Saxofón | J19: Guananga Aizabucha Javier Santiago | K19: Toapanta Arequipa Danny Alexander | L19: Banda Sinfónica Edison Chiluisa | M19: 1850320027 | N19: 41181 | O19: 12 | P19: Jordán Lescano | Q19: Lissete Del Rocío | R19: 1803601457 | S19: Napo Galeras y Av. El Rey | U19: 0984248836 | V19: Madre del estudiante | W19: 0988486253 | X19: Padre | AA19: Juan Pablo II | AB19: 9o EGB | AD19: NO
A20: 19 | B20: mplacencia12@gmail.com | C20: 6o | D20: B (vespertina) | E20: Sánchez Placencia | F20: Dana Paola | H20: 1 | I20: Piano | J20: De la Cruz Changalombo Jorge Ramiro | K20: no aplica | L20: Coro Vespertino | M20: 1850524255 | N20: 41401 | O20: 12 | P20: Placencia Camacho | Q20: María del Carmen | R20: 1804018487 | S20: Pedro Echeverría y Carlos Rubira | T20: 0983510596 | U20: 0992506532 | V20: Padre del estudiante | W20: 0960998276 | X20: Madre | AA20: UELuis A Martínez | AB20: 8o EGB | AC20: Nutrición y alergias respiratorias | AD20: NO
A21: 20 | B21: mctonato@yahoo.es | C21: 6o | D21: B (vespertina) | E21: Torres Tonato | F21: Brianna Valentina | H21: 1 | I21: Violín | J21: Amores Valdivieso Jenny Natividad | K21: Laura Guamán Christian Daniel | L21: Orquesta Sinfónica Bolívar | M21: 1850391622 | N21: 41305 | O21: 12 | P21: Tonato Sasintuña | Q21: María Consuelo | R21: 1803872090 | S21: Ficoa Las Acacias, Las Limas y Las Mandarinas | U21: 0979159387 | V21: Madre del estudiante | W21: 0996488465 | X21: Padre | Y21: 0983289939 | Z21: Estudiante | AA21: Unida Educativa Santo Domingo de Guzmán | AB21: 8o EGB | AC21: No | AD21: NO
G22: =SUM(G2:G21) -> 11 | H22: =SUM(H2:H21) -> 9
A26: No | B26: Dirección de correo electrónico | C26: Año de estudio | D26: PARALELO (señalar el mismo paralelo en el que estuvieron el año anterior) | E26: Apellidos del Estudiante (Escribir la primera letra en Mayúsculas y las demás en minúsculas. Por ejemplo Pérez López ) | F26: Nombres del Estudiante (Escribir la primera letra en Mayúsculas y las demás en minúsculas. Por ejemplo Juan José) | G26: M | H26: F | I26: Instrumento que estudia en el Conservatorio Bolívar | J26: Maestro de Instrumento | K26: Docente de piano complementario solo para estudiantes de cuerdas y vientos, no para pianistas | L26: Agrupación a la que pertenece | M26: Número de Cédula del Estudiante | N26: Fecha de Nacimiento del estudiante | O26: Edad del estudiante (solo escribir el número de la edad que tiene) | P26: Apellidos del Representante del Estudiante(Escribir la primera letra en Mayúsculas y las demás en minúsculas) | Q26: Nombres del Representante del Estudiante(Escribir la primera letra en Mayúsculas y las demás en minúsculas) | R26: Número de cédula del Representante | S26: Dirección | T26: Número telefónico convencional | U26: Número telefónico celular 1 | V26: Número telefónico celular 1 pertenece a | W26: Número telefónico celular 2 | X26: Número celular 2 pertenece a | Y26: Número telefónico celular 3 | Z26: Número celular 3 pertenece a | AA26: Institución que estudia su formación regular | AB26: Año de Estudio en su formación Regular | AC26: ¿Existe alguna alergia/enfermedad/ condición del estudiante que la institución debe tener en cuenta durante clases? Por favor en caso de no existir dejar en blanco esta sección. | AD26: Indique si su representado tiene alguna Necesidad Educativa no asociada a una discapacidad | AE26: Si respondió SI Indique cual es la necesidad educativa
A27: 1 | B27: elyces9mariela@hotmail.com | C27: 6o | D27: C (vespertina) | E27: Aguinda Cevallos | F27: Cristian Francisco | G27: 1 | I27: Piano | J27: Acosta Zagal Karolina | K27: no aplica | L27: Coro Vespertino | M27: 1850482959 | N27: 41338 | O27: 12 | P27: Cevallos Torres | Q27: Elisa Mariela | R27: 1718749078 | S27: Alberto Rosero y Patuca | T27: 032510303 | U27: 0984890107 | V27: Madre del estudiante | W27: 0999086266 | X27: otro familiar | AA27: Unidad Educativa Pedro Fermín Cevallos | AB27: 8o EGB
A28: 2 | B28: solamancha132@gmail.com | C28: 6o | D28: C (vespertina) | E28: Amancha Moposita | F28: Sol Isabel | H28: 1 | I28: Trombón | J28: Peralta Aponte Christian Hernán | K28: Paredes Santana Marco Antonio | L28: Orquesta Sinfónica Bolívar | M28: 1850122522 | N28: 40750 | O28: 13 | P28: Amancha Caguana | Q28: Marío felix | R28: 1802300440 | S28: Samanga | U28: 0984848720 | V28: Madre del estudiante | W28: 0983228834 | X28: Estudiante | Y28: 0986806406 | Z28: otro familiar | AA28: Unidad educativa Juan benigno vela | AB28: 10o EGB | AD28: NO
A29: 3 | B29: paucarxiomara97@gmail.com | C29: 6o | D29: C (vespertina) | E29: Caguana Paucar | F29: Keyla Nicole | H29: 1 | I29: Saxofón | J29: Toapanta Arequipa Danny Alexander | K29: Laura Guamán Christian Daniel | L29: Banda Sinfónica Edison Chiluisa | M29: 1850564517 | N29: 41442 | O29: 12 | P29: Paucar Paucar | Q29: Xiomara Cristina | R29: 0984576354 | S29: Quisapincha, Ecuador | U29: 0984576355 | V29: Madre del estudiante | W29: 0982667532 | X29: Padre | Y29: 0994602932 | Z29: otro familiar | AA29: Unidad Educativa Rumiñahui | AB29: 8o EGB | AD29: NO
A30: 4 | B30: marychiluisa7@gmail.com | C30: 6o | D30: C (vespertina) | E30: Chicaiza Chiluisa | F30: Sarahi Fernanda | H30: 1 | I30: Guitarra | J30: Arias Cuenca Jorge Javier | K30: Chico Analuisa Fabricio Renato | L30: Ensamble de Guitarras | M30: 1850331016 | N30: 41182 | O30: 12 | P30: Chiluisa Tenorio | Q30: Maria Dolores | R30: 1716602998 | S30: Huachi El progreso | U30: 0998147666 | V30: Madre del estudiante | W30: 0983940913 | X30: otro familiar | AA30: Unidad Educativa "Las Americas" | AB30: 8o EGB | AD30: NO
A31: 5 | B31: mwmviolin@outlook.com | C31: 6o | D31: C (vespertina) | E31: Fierro Amores | F31: Martín Santiago | G31: 1 | I31: Guitarra | J31: Cumbicos Macas José Luis | K31: Laura Guamán Christian Daniel | L31: Ensamble de Guitarras | M31: 1850669324 | N31: 41543 | O31: 11 | P31: Altamirano Villacreces | Q31: Rosa Amalia | R31: 1801093988 | S31: Achotillos y Borojos | T31: 032460575 | U31: 0999058419 | V31: Madre del estudiante | W31: 0960920700 | X31: Madre | Y31: 0996010056 | Z31: otro familiar | AA31: Atenas | AB31: 8o EGB | AC31: No | AD31: NO
A32: 6 | B32: maurifg@gmail.com | C32: 6o | D32: C (vespertina) | E32: Freire Villegas | F32: Danna Camila | H32: 1 | I32: Violín | J32: Sumbana Quinapanta Luis Enrique | K32: Paredes Santana Marco Antonio | L32: Orquesta Sinfónica Bolívar | M32: 1850391770 | N32: 41290 | O32: 12 | P32: Freire Gavilanez | Q32: Klever Mauricio | R32: 1803139227 | S32: Cdla Presidencial | T32: 032413836 | U32: 0984545611 | V32: Padre del estudiante | W32: 0984595070 | X32: Madre | Y32: 0962378890 | Z32: Estudiante | AA32: Unidad Educativa Juan León Mera "La Salle" | AB32: 8o EGB | AC32: Alergia a la picadura de los insectos | AD32: NO
A33: 7 | B33: flavioguachanbala968@gmail.com | C33: 6o | D33: C (vespertina) | E33: Guachanbala Cunama | F33: Maily Magdalena | H33: 1 | I33: Piano | J33: Chicaiza Orozco Marcelo Javier | K33: no aplica | L33: Coro Vespertino | M33: 1850332287 | N33: 41166 | O33: 12 | P33: Guachambala Masaquiza | Q33: Flabio Israel | R33: 1803769668 | S33: Pelileo huambalo la Florida | U33: 0986569428 | V33: Padre del estudiante | W33: 0986911089 | X33: otro familiar | Y33: 0997513520 | Z33: otro familiar | AA33: Unidad Educativa Huambalo | AB33: 9o EGB | AD33: NO
A34: 8 | B34: giovi1665@hotmail.com | C34: 6o | D34: C (vespertina) | E34: Guaigua Verdezoto | F34: Sophia Victoria | H34: 1 | I34: Violín | J34: Rendí prueba de ubicación no tengo maestro asignado | K34: Guzñay Paca Inti Rafael | L34: Orquesta Sinfónica Bolívar | M34: 1850385012 | N34: 41299 | O34: 12 | P34: Verdezoto Nuñez | Q34: Norma Verdezoto | R34: 1804054284 | S34: Huachi Solis | U34: 0983837521 | V34: Madre del estudiante | W34: 0963257881 | X34: Padre | AA34: Mario Cobo Barona | AB34: 8o EGB | AD34: NO
A35: 9 | B35: anahiguevarasss@gmail.com | C35: 6o | D35: C (vespertina) | E35: Hidalgo Guevara | F35: Andres Sebastian | G35: 1 | I35: Piano | J35: Chicaiza Yánez Jefferson Alexander | K35: no aplica | L35: Coro Vespertino | M35: 1850511815 | N35: 41371 | O35: 12 | P35: Guevara Pimbo | Q35: Maria Cleotilde | R35: 1802856227 | S35: Av. el rey y los andes | T35: 00000000000000000000 | U35: 0983290923 | V35: Madre del estudiante | W35: 0992542725 | X35: otro familiar | Y35: 0984159676 | Z35: Estudiante | AA35: Unidad Educativa Hispano America | AB35: 8o EGB | AC35: Alergico a la amoxilina y penicilina | AD35: NO
A36: 10 | B36: percyhuaytaviraca@gmail.com | C36: 6o | D36: C (vespertina) | E36: Huayta Mundocorre | F36: Evelyn Alina | H36: 1 | I36: Piano | J36: De la Cruz Changalombo Jorge Ramiro | K36: no aplica | L36: Coro Vespertino | M36: 1850393404 | N36: 41306 | O36: 12 | P36: Huayta Viraca | Q36: Percy | R36: 1755095674 | S36: Av Victor Hugo y Tres Carabelas | U36: 0991377734 | V36: Padre del estudiante | W36: 0960820900 | X36: Madre | Y36: +593 98 707 6153 | Z36: Estudiante | AA36: Home life Academy | AB36: 8o EGB | AD36: NO
A37: 11 | B37: chsusanita@hotmail.com | C37: 6o | D37: C (vespertina) | E37: Jiménez Chicaiza | F37: Willams Mateo | G37: 1 | I37: Piano | J37: Chicaiza Yánez Jefferson Alexander | K37: no aplica | L37: Coro Vespertino | M37: 1850636422 | N37: 41505 | O37: 12 | P37: Chicaiza Pérez | Q37: Susana del Rocío | R37: 1802523140 | S37: Ingahurco: Calle Chile y Argentina | U37: 0992679745 | V37: Madre del estudiante | W37: 0993701837 | X37: Padre | Y37: 0984878526 | Z37: Estudiante | AA37: Luis A. Martínez (Agropecuario) | AB37: 8o EGB | AC37: Alergia | AD37: NO
A38: 12 | B38: crisnoboapi@gmail.com | C38: 6o | D38: C (vespertina) | E38: López Noboa | F38: Jorge Marcelo | G38: 1 | I38: Guitarra | J38: Arias Cuenca Jorge Javier | K38: Laura Guamán Christian Daniel | L38: Ensamble de Guitarras | M38: 1850503697 | N38: 41381 | O38: 12 | P38: Noboa Pico | Q38: Isabel Cristina | R38: 1802488583 | S38: Av Rodrigo Pachano y 22 de Enero | U38: 0994518387 | V38: Madre del estudiante | W38: 0991712451 | X38: Padre | Y38: 0963597267 | Z38: Estudiante | AA38: Unidad Educativa Nuevo Mundo | AB38: 8o EGB | AD38: NO
A39: 13 | B39: disinsu@yahoo.com | C39: 5o | D39: C (vespertina) | E39: Mena Ramírez | F39: María Gracia | H39: 1 | I39: Guitarra | J39: Chico Espinoza Edwin Patricio | K39: Guzñay Paca Inti Rafael | L39: Ensamble de Guitarras | M39: 1850395946 | N39: 41284 | O39: 12 | P39: Ramírez Castillo | Q39: Sylvia Vianney | R39: 1711006450 | S39: Via a Pillaro Conjunto El Nogal casa #17 | U39: 0999031486 | V39: Madre del estudiante | W39: 0998305483 | X39: Padre | AA39: Unidad Educativa Nuevo Mundo | AB39: 7o EGB | AC39: Ninguna | AD39: NO
A40: 14 | B40: veros1@hotmail.com | C40: 6o | D40: C (vespertina) | E40: Moya Medina | F40: Renato Rodrigo | G40: 1 | I40: Guitarra | J40: Arias Cuenca Jorge Javier | K40: Guzñay Paca Inti Rafael | L40: Ensamble de Guitarras | M40: 1850318633 | N40: 41149 | O40: 13 | P40: Medina | Q40: Veronica | R40: 1802355220 | S40: Marcos Montalvo y pasaje Acosta Solís | T40: 2842801 | U40: 0995011513 | V40: Madre del estudiante | W40: 0993622215 | X40: Madre | Y40: 0995011512 | Z40: Padre | AA40: Uk school | AB40: 9o EGB | AC40: No | AD40: SI | AE40: Déficit de atención E hiperactividad
A41: 15 | B41: lupirania@hotmail.com | C41: 6o | D41: C (vespertina) | E41: Paredes Proaño | F41: Luciana Daniela | H41: 1 | I41: Violín | J41: Zumbana Quinapanta Santiago Maximiliano | K41: Tocto Villareal Marco Antonio | L41: Orquesta Sinfónica Bolívar | M41: 1850648161 | N41: 41501 | O41: 11 | P41: Proaño Pérez | Q41: Lucía Graciela | R41: 1802925956 | S41: Nispolas y Feilloas | T41: 032466124 | U41: 0997068691 | V41: Madre del estudiante | W41: 0985034041 | X41: otro familiar | AA41: Santo Domingo de Guzman | AB41: 7o EGB | AC41: No | AD41: NO
A42: 16 | B42: monicaybebe@hotmail.es | C42: 6o | D42: C (vespertina) | E42: Peñaloza Zumbana | F42: Jade Sarahi | H42: 1 | I42: Viloncello | J42: Peña Núñez Andrea Michelle | K42: Guzñay Paca Inti Rafael | L42: Orquesta Sinfónica Bolívar | M42: 1850576149 | N42: 41468 | O42: 12 | P42: Zumbana Quinapanta | Q42: Monica del Rocío | R42: 1802955904 | S42: La Magdalena | U42: 984750409 | V42: Madre del estudiante | W42: 0979000680 | X42: Padre | Y42: +593 99 641 0850 | Z42: Estudiante | AA42: Unidad educativa Teniente Hugo Ortiz | AB42: 8o EGB | AC42: No | AD42: NO
A43: 17 | B43: alexandrita0929@gmail.com | C43: 6o | D43: C (vespertina) | E43: Pérez Jaya | F43: Richard Alejandro | G43: 1 | I43: Piano | J43: Díaz Loyola David Descartes | K43: no aplica | L43: Coro Vespertino | M43: 1850393263 | N43: 41305 | O43: 12 | P43: Jaya Salazar | Q43: Ibeth Alexandra | R43: 1803369238 | S43: Atahualpa | T43: 032525749 | U43: 0992969403 | V43: Madre del estudiante | W43: 0987041664 | X43: Madre | Y43: 0983825479 | Z43: otro familiar | AA43: Unidad Educativa Juan Montalvo | AB43: 8o EGB | AD43: NO
A44: 18 | B44: carloshrosero@yahoo.es | C44: 6o | D44: C (vespertina) | E44: Rosero Villacrés | F44: Christopher Alessandro | G44: 1 | I44: Violín | J44: Amores Valdivieso Jenny Natividad | K44: Tocto Villareal Marco Antonio | L44: Orquesta Sinfónica Bolívar | M44: 1805564604 | N44: 41166 | O44: 12 | P44: Rosero Villalva | Q44: Carlos Homero | R44: 1803040433 | S44: Eloy Alfaro y Juan Montalvo cantón Quero | T44: 0979903160 | U44: 0979903160 | V44: Padre del estudiante | W44: 0984880771 | X44: Madre | Y44: 0996460655 | Z44: otro familiar | AA44: La Salle Ambato | AB44: 9o EGB | AD44: NO
G45: =SUM(G27:G44) -> 8 | H45: =SUM(H27:H44) -> 10
A49: 14 | B49: bllanos.istt@gmail.com | C49: 6o | D49: B (vespertina) | E49: Lopez Llanos | F49: Dylan Maximiliano | G49: 1 | I49: Piano | J49: Chicaiza Yánez Jefferson Alexander | K49: no aplica | L49: Coro Vespertino | M49: 1850694157 | N49: 41580 | O49: 11 | P49: LLanos Bonilla | Q49: Betty Mariel | R49: 1802995173 | S49: Av. Los Andes y calle Corazon | T49: 032520806 | U49: 0995092781 | V49: Madre del estudiante | W49: 0999904726 | X49: Padre | AA49: U.E. AMBATO | AB49: 8o EGB | AC49: ALERGIAS SEVERAS A LAS PICADURAS DE INSECTOS | AD49: NO

Sheet 7o
A1: No | B1: Dirección de correo electrónico | C1: Año de estudio | D1: PARALELO (señalar el mismo paralelo en el que estuvieron el año anterior) | E1: Apellidos del Estudiante (Escribir la primera letra en Mayúsculas y las demás en minúsculas. Por ejemplo Pérez López ) | F1: Nombres del Estudiante (Escribir la primera letra en Mayúsculas y las demás en minúsculas. Por ejemplo Juan José) | G1: M | H1: F | I1: Instrumento que estudia en el Conservatorio Bolívar | J1: Maestro de Instrumento | K1: Docente de piano complementario solo para estudiantes de vientos y cuerdas, no para pianistas | L1: Agrupación a la que pertenece | M1: Número de Cédula del Estudiante | N1: Fecha de Nacimiento del estudiante | O1: Edad del estudiante (solo escribir el número de la edad que tiene) | P1: Apellidos del Representante del Estudiante(Escribir la primera letra en Mayúsculas y las demás en minúsculas) | Q1: Nombres del Representante del Estudiante(Escribir la primera letra en Mayúsculas y las demás en minúsculas) | R1: Número de cédula del Representante | S1: Dirección | T1: Número telefónico convencional | U1: Número telefónico celular 1 | V1: Número telefónico celular 1 pertenece a | W1: Número telefónico celular 2 | X1: Número celular 2 pertenece a | Y1: Número telefónico celular 3 | Z1: Número celular 3 pertenece a | AA1: Institución que estudia su formación regular | AB1: Año de Estudio en su formación Regular | AC1: ¿Existe alguna alergia/enfermedad/ condición del estudiante que la institución debe tener en cuenta durante clases? Por favor en caso de no existir dejar en blanco esta sección. | AD1: Indique si su representado tiene alguna Necesidad Educativa no asociada a una discapacidad | AE1: Si respondió SI Indique cual es la necesidad educativa
A2: 1 | B2: veronicabuena2020@gmail.com | C2: 7o | D2: A (matutina) | E2: Bagua Buenaño | F2: Ariel Sebastián | G2: 1 | I2: Piano | J2: Pérez Toapanta Diego Armando | K2: no aplica | L2: Coro Matutino | M2: 1850504117 | N2: 40406 | O2: 14 | P2: Buenaño Campaña | Q2: Veronica Guadalupe | R2: 1803778230 | S2: Solis Morán y Av Atahualpa | T2: 0325004832 | U2: 998973422 | V2: Madre del estudiante | W2: 0968563873 | X2: Padre | Y2: 0986730134 | Z2: Estudiante | AA2: Unidad Educativa Josefa Calixto | AB2: 1o Bachillerato | AD2: NO
A3: 2 | B3: elizabethmontero2486@hotmail.com | C3: 7o | D3: A (matutina) | E3: Bombón Montero | F3: Dylan Jair | G3: 1 | I3: Piano | J3: Pérez Toapanta Diego Armando | K3: no aplica | L3: Coro Matutino | M3: 1850163351 | N3: 40871 | O3: 12 | P3: Montero Chimbo | Q3: Yajaira Elizabeth | R3: 1804023032 | S3: El pisque | T3: 00000000 | U3: 0963008396 | V3: Madre del estudiante | W3: 0987652601 | X3: Padre | Y3: 0999444387 | Z3: Estudiante | AA3: UE Atahualpa | AB3: 10o EGB | AC3: Orquipididimitis aguda | AD3: NO
A4: 3 | B4: detallewilson@yahoo.es | C4: 7o | D4: A (matutina) | E4: Chávez Viera | F4: Matías Gabriel | G4: 1 | I4: Piano | J4: De la Cruz Changalombo Jorge Ramiro | K4: no aplica | L4: Coro Matutino | M4: 1850601129 | N4: 39153 | O4: 18 | P4: Chávez Chicaiza | Q4: Wilson Heriberto | R4: 1802726255 | S4: Parroquia San Bartolomé de Pinllo, Barrio El Mirador, calle Milanesio #14-26 | U4: 0984197693 | V4: Padre del estudiante | W4: 0984406791 | X4: Madre | Y4: 0963923205 | Z4: Estudiante | AA4: Universidad Técnica de Ambato | AB4: Graduado | AC4: Colelitiasis | AD4: NO
A5: 4 | B5: luisdelacruz0182@gmail.com | C5: 7o | D5: A (matutina) | E5: De la cruz Aucatoma | F5: Edwin Alexander | G5: 1 | I5: Trompeta | J5: Amancha Hidalgo Félix Marcelo | K5: Túquerez Núñez Diego Javier | L5: Orquesta Matutina | M5: 1850208131 | N5: 40923 | O5: 13 | P5: De la cruz Chicaiza | Q5: Luis Gualberto | R5: 0201833878 | S5: Laquigo, barrio l ley | T5: 0993751035 | U5: 0988709882 | V5: Padre del estudiante | W5: 0993751035 | X5: otro familiar | Y5: 0959413719 | Z5: otro familiar | AA5: ".Unidad Educativa Rumiñahui." | AB5: 9o EGB | AC5: No | AD5: NO
A6: 5 | B6: luisdavid00876@gmail.com | C6: 7o | D6: A (matutina) | E6: Gavilema Caiza | F6: Santiago Ismael | G6: 1 | I6: Saxofón | J6: Toapanta Arequipa Danny Alexander | K6: Chico Analuisa Fabricio Renato | L6: Orquesta Matutina | M6: 1850200450 | N6: 40964 | O6: 13 | P6: Caiza Rojaldo | Q6: Mery Guadalupe | R6: 1802784791 | S6: Ambato | T6: 032407390 | U6: 0984078524 | V6: Madre del estudiante | W6: 0987840613 | X6: otro familiar | Y6: 0995682692 | Z6: otro familiar | AA6: Unidad Educativa Emanuel | AB6: 9o EGB | AD6: NO
A7: 6 | B7: kleberlopez2012@hotmail.com | C7: 7o | D7: A (matutina) | E7: Lopez Andaluz | F7: Domenica Guadalupe | H7: 1 | I7: Saxofón | J7: Toapanta Arequipa Danny Alexander | K7: Túquerez Núñez Diego Javier | L7: Orquesta Matutina | M7: 1850333111 | N7: 41192 | O7: 12 | P7: Lopez Bonilla | Q7: Kleber Martin | R7: 1803527157 | S7: Terremoto en el paso lateral frente a los condominios ALCALA | T7: 032763200 | U7: 0985414251 | V7: Padre del estudiante | W7: 0990821338 | X7: Madre | Y7: 0999123660 | Z7: Estudiante | AA7: Unidad Educativa Guayaquil | AB7: 9o EGB | AD7: NO
A8: 7 | B8: luislopezlozada34@gmail.com | C8: 7o | D8: A (matutina) | E8: López Lozada | F8: Luis Sebastian | G8: 1 | I8: Piano | J8: Quinapanta Angel Rodrígo | K8: no aplica | L8: Coro Matutino | M8: 1805780341 | N8: 38672 | O8: 19 | P8: Lozada Andaluz | Q8: Silvia Gissela | R8: 1802937019 | S8: Olmedo y Salinas | T8: 2425866 | U8: 0983953237 | V8: Madre del estudiante | W8: 0995068164 | X8: Padre | Y8: 0986957979 | Z8: otro familiar | AA8: Pre Universitario | AB8: Graduado | AC8: No | AD8: NO
A9: 8 | B9: poaquizaf@gmail.com | C9: 7o | D9: A (matutina) | E9: Poaquiza Ruiz | F9: Nixon Alan | G9: 1 | I9: Trompeta | J9: Amancha Hidalgo Félix Marcelo | K9: Túquerez Núñez Diego Javier | L9: Orquesta Matutina | M9: 0202593364 | N9: 40567 | O9: 14 | P9: Poaquiza Simchigalo | Q9: Freddy Fabian | R9: 1805248810 | S9: Av víctor Hugo y celiano monje | U9: 994593012 | V9: Padre del estudiante | W9: 0981821893 | X9: Madre | Y9: 0992361570 | Z9: Estudiante | AA9: U.E " Francisco Flor " | AB9: 10o EGB | AD9: NO
A10: 9 | B10: elsagavilanesf@gmail.com | C10: 7o | D10: A (matutina) | E10: Sánchez Gavilanes | F10: Andrea Estefania | H10: 1 | I10: Piano | J10: Pérez Toapanta Diego Armando | K10: no aplica | L10: Coro Matutino | M10: 1850238955 | N10: 40871 | O10: 13 | P10: Gavilanes Freire | Q10: Elsa Efigenia | R10: 1802952588 | S10: Pareja Diezcanseco y Medardo Ángel Silva Huachi Chico | T10: 2587691 | U10: 967869079 | V10: Madre del estudiante | W10: 980498089 | X10: Estudiante | Y10: 0990287958 | Z10: otro familiar | AA10: Unidad Educativa Bolívar | AB10: 10o EGB | AC10: Rinitis | AD10: NO
A11: 10 | B11: luistipanomar355@gmail.com | C11: 7o | D11: A (matutina) | E11: Tipan Alomaliza | F11: Luis Omar | G11: 1 | I11: Trompeta | J11: Amancha Hidalgo Félix Marcelo | K11: Túquerez Núñez Diego Javier | L11: Orquesta Matutina | M11: 1850017367 | N11: 40635 | O11: 14 | P11: Alomaliza yugla | Q11: Gladys Susana | R11: 1804038972 | S11: Vía nuevos orisontes | T11: 0968654416 | U11: 0968654416 | V11: Madre del estudiante | W11: 0939041976 | X11: Estudiante | Y11: 0981583012 | Z11: Padre | AA11: Teniente Hugo Ortiz | AB11: 9o EGB | AC11: No | AD11: NO
A12: 11 | B12: mikaelaavalos20@gmail.com | C12: 7o | D12: A (matutina) | E12: Toapanta Avalos | F12: Ailyn Monserrath | H12: 1 | I12: Saxofón | J12: Toapanta Arequipa Danny Alexander | K12: Túquerez Núñez Diego Javier | L12: Orquesta Matutina | M12: 1850336049 | N12: 41039 | O12: 13 | P12: Avalos Tixelema | Q12: Silvia Micaela | R12: 1804367595 | S12: Parroquia La Península sector Catiglata calle Toronto frente condominios La Riviera | T12: 032445623 | U12: 0982700302 | V12: Madre del estudiante | W12: 0993321424 | X12: Padre | Y12: 0987733553 | Z12: otro familiar | AA12: Unidad Educativa Ambato | AB12: 9o EGB | AD12: NO
G13: =SUM(G2:G12) -> 8 | H13: =SUM(H2:H12) -> 3
A15: No | B15: Dirección de correo electrónico | C15: Año de estudio | D15: PARALELO (señalar el mismo paralelo en el que estuvieron el año anterior) | E15: Apellidos del Estudiante (Escribir la primera letra en Mayúsculas y las demás en minúsculas. Por ejemplo Pérez López ) | F15: Nombres del Estudiante (Escribir la primera letra en Mayúsculas y las demás en minúsculas. Por ejemplo Juan José) | G15: M | H15: F | I15: Instrumento que estudia en el Conservatorio Bolívar | J15: Maestro de Instrumento | K15: Docente de piano complementario solo para estudiantes de vientos y cuerdas, no para pianistas | L15: Agrupación a la que pertenece | M15: Número de Cédula del Estudiante | N15: Fecha de Nacimiento del estudiante | O15: Edad del estudiante (solo escribir el número de la edad que tiene) | P15: Apellidos del Representante del Estudiante(Escribir la primera letra en Mayúsculas y las demás en minúsculas) | Q15: Nombres del Representante del Estudiante(Escribir la primera letra en Mayúsculas y las demás en minúsculas) | R15: Número de cédula del Representante | S15: Dirección | T15: Número telefónico convencional | U15: Número telefónico celular 1 | V15: Número telefónico celular 1 pertenece a | W15: Número telefónico celular 2 | X15: Número celular 2 pertenece a | Y15: Número telefónico celular 3 | Z15: Número celular 3 pertenece a | AA15: Institución que estudia su formación regular | AB15: Año de Estudio en su formación Regular | AC15: ¿Existe alguna alergia/enfermedad/ condición del estudiante que la institución debe tener en cuenta durante clases? Por favor en caso de no existir dejar en blanco esta sección. | AD15: Indique si su representado tiene alguna Necesidad Educativa no asociada a una discapacidad | AE15: Si respondió SI Indique cual es la necesidad educativa
A16: 1 | B16: dieg2686@hotmail.com | C16: 7o | D16: B (vespertina) | E16: Barrionuevo Mejia | F16: Danna Valeska | H16: 1 | I16: Piano | J16: Solís Solís Juan Francisco | K16: no aplica | L16: Coro Vespertino | M16: 1751274414 | N16: 40300 | O16: 15 | P16: Mejia Parra | Q16: María Fernanda | R16: 1803753480 | S16: Aguajan | U16: 0959064855 | V16: Madre del estudiante | W16: 0984345921 | X16: Padre | Y16: 0962821441 | Z16: Estudiante | AA16: Luis A Martinez | AB16: 1o Bachillerato | AD16: NO
A17: 2 | B17: juani86rora@gmail.com | C17: 7o | D17: B (vespertina) | E17: Castillo Romero | F17: Elizabeth Victoria | H17: 1 | I17: Violín | J17: Villena Cárdenas Maria Isabel | K17: Guzñay Paca Inti Rafael | L17: Orquesta Sinfónica Bolívar | M17: 1850234251 | N17: 41007 | O17: 13 | P17: Romero Ramirez | Q17: Juana Rosario | R17: 1803928413 | S17: Aceitunas y Chamburos | T17: 032422136 | U17: 0989870368 | V17: Madre del estudiante | W17: 0992207280 | X17: Padre | Y17: 0991369111 | Z17: Estudiante | AA17: Unidad Educativa Pedro Fermin Cevallos | AB17: 9o EGB | AD17: NO
A18: 3 | B18: mariesther7@gmail.com | C18: 7o | D18: B (vespertina) | E18: Chérrez Rivadeneira | F18: Valeria Alejandra | H18: 1 | I18: Flauta Traversa | J18: Larreátegui Feijoó Inés María | K18: Fonseca Sandoval Walter Guillermo | L18: Banda Sinfónica Edison Chiluisa | M18: 1850248418 | N18: 41065 | O18: 13 | P18: Rivadeneira Flores | Q18: María Esther | R18: 1803100492 | S18: Santa Rosa calle Rocafuerte y Venezuela | T18: 032755130 | U18: 0987300405 | V18: Madre del estudiante | W18: 0999377008 | X18: Estudiante | Y18: 0981524020 | Z18: otro familiar | AA18: UE Francisco Flor | AB18: 9o EGB | AD18: NO
A19: 4 | B19: michelac80@hotmail.com | C19: 7o | D19: B (vespertina) | E19: Coronel Cárdenas | F19: Victoria Celeste | H19: 1 | I19: Flauta Traversa | J19: Larreátegui Feijoó Inés María | K19: Tocto Villareal Marco Antonio | L19: Banda Sinfónica Edison Chiluisa | M19: 1050048735 | N19: 40678 | O19: 14 | P19: Cárdenas Palma | Q19: Mercedes Ivonne | R19: 1803111192 | S19: Huachi el Belén Calle Geronimo de Velasco y Victor Garcés | U19: 983532875 | V19: Padre del estudiante | W19: 984009284 | X19: Madre | Y19: 960653220 | Z19: Estudiante | AA19: U. E La Inmaculada | AB19: 10o EGB
A20: 5 | B20: wilizita4@gmail.com | C20: 7o | D20: B (vespertina) | E20: Guamán Zapata | F20: Matías Alejandro | G20: 1 | I20: Piano | J20: Díaz Loyola David Descartes | K20: no aplica | L20: Coro Vespertino | M20: 1850209378 | N20: 40965 | O20: 13 | P20: Zapata Herrera | Q20: Wilma Elizabeth | R20: 1803694262 | S20: Cevallos 21-39 y Guayaquil | T20: 032422156 | U20: 0995596845 | V20: Padre del estudiante | W20: 0992918864 | X20: Padre | Y20: 032406927 | Z20: otro familiar | AA20: Unidad Educativa Santo Domingo de Guzmán | AB20: 9o EGB | AD20: NO
A21: 6 | B21: mecanicadonpato@hotmail.com | C21: 7o | D21: B (vespertina) | E21: Guanopatin Chicaiza | F21: José David | G21: 1 | I21: Guitarra | J21: Cumbicos Macas José Luis | K21: Chico Analuisa Fabricio Renato | L21: Ensamble de Guitarras | M21: 1850242015 | N21: 41040 | O21: 13 | P21: Chicaiza Silva | Q21: Myrian Eugenia | R21: 1803213022 | S21: Ciudadela Guerrero Garcés | T21: 0939470024 | U21: 0939470024 | V21: Madre del estudiante | W21: 0988750606 | X21: Padre | Y21: 0991881395 | Z21: otro familiar | AA21: Las Americas | AB21: 9o EGB | AC21: Ninguna | AD21: NO
A22: 7 | B22: rafa832@hotmail.com | C22: 7o | D22: B (vespertina) | E22: Jara Casillas | F22: Katherin Abigail | H22: 1 | I22: Flauta Traversa | J22: Nuñez Cunalata Zoila Delia | K22: Guzñay Paca Inti Rafael | L22: Banda Sinfónica Edison Chiluisa | M22: 1850145051 | N22: 40835 | O22: 13 | P22: Jara Espin | Q22: Julio Rafael | R22: 1803340163 | S22: Av. Luis Anibal Granja y Libardo Parra | T22: 035016915 | U22: 0992872558 | V22: Padre del estudiante | W22: 0984274104 | X22: Madre | Y22: 0992541184 | Z22: otro familiar | AA22: Unidad Educativa Espíritu Santo | AB22: 10o EGB | AC22: Mi hija es 100% vegetariana | AD22: NO
A23: 8 | B23: yanchaliquindelia592@gmail.com | C23: 7o | D23: B (vespertina) | E23: Jaramillo Yanchaliquin | F23: Lenin Adrian | G23: 1 | I23: Guitarra | J23: Cumbicos Macas José Luis | K23: Guzñay Paca Inti Rafael | L23: Ensamble de Guitarras | M23: 1850381359 | N23: 41211 | O23: 12 | P23: Yanchaliquin Talahua | Q23: Delia Hermilinda | R23: 0201758686 | S23: Gaspar de Villaroel y Ernesto Alvarado | T23: 0994929331 | U23: 0994929331 | V23: Madre del estudiante | W23: O998557839 | X23: otro familiar | Y23: 0984910425 | Z23: otro familiar | AA23: MARIO COBO BARONA | AB23: 9o EGB | AD23: NO
A24: 9 | B24: dis062091@gmail.com | C24: 7o | D24: B (vespertina) | E24: Méndez Torres | F24: Dannaé Monserrath | H24: 1 | I24: Flauta Traversa | J24: Larreátegui Feijoó Inés María | K24: Tocto Villareal Marco Antonio | L24: Banda Sinfónica Edison Chiluisa | M24: 1850227206 | N24: 40999 | O24: 13 | P24: Torres Altamirano | Q24: Diana Carolina | R24: 1803585429 | S24: Rocafuerte 626 y Tomás Sevilla | T24: 032820065 | U24: 0996330781 | V24: Madre del estudiante | W24: 0999831285 | X24: otro familiar | AA24: La Inmaculada | AB24: 9o EGB | AC24: No | AD24: NO
A25: 10 | B25: onma20@hotmail.com | C25: 7o | D25: B (vespertina) | E25: Miranda Villacrés | F25: Zoe Nebraska | H25: 1 | I25: Piano | J25: Chicaiza Orozco Marcelo Javier | K25: no aplica | L25: Coro Vespertino | M25: 1850122852 | N25: 40792 | O25: 13 | P25: Villacrés López | Q25: Adriana Rebeca | R25: 1804241451 | S25: Santa Rosa | T25: 032754783 | U25: 0984835686 | V25: Madre del estudiante | W25: 0996007343 | X25: Padre | Y25: 0995012122 | Z25: otro familiar | AA25: U.E Ambato | AB25: 10o EGB | AC25: Intestino vago, dejar que tome agua y permiso al baño. | AD25: NO
A26: 11 | B26: eaparedes2@gmail.com | C26: 7o | D26: B (vespertina) | E26: Paredes Armas | F26: Samantha Estefanía | H26: 1 | I26: Piano | J26: Erazo Moreno Carlos Efrén | K26: no aplica | L26: Coro Vespertino | M26: 1850181437 | N26: 40931 | O26: 13 | P26: Paredes Paredes | Q26: Eduardo Antonio | R26: 1803159712 | S26: Mera y Cuenca | T26: 032426561 | U26: 0987289260 | V26: Padre del estudiante | W26: 0999140506 | X26: Madre | AA26: Colegio Santo Domingo de Guzman | AB26: 9o EGB | AD26: NO
A27: 12 | B27: pattyalex129@hotmail.com | C27: 7o | D27: B (vespertina) | E27: Reyes Acosta | F27: Valeria Cristina | H27: 1 | I27: Violín | J27: Amores Valdivieso Jenny Natividad | K27: Laura Guamán Christian Daniel | L27: Orquesta Sinfónica Bolívar | M27: 1850335777 | N27: 41217 | O27: 12 | P27: Acosta López | Q27: Patricia Alexandra | R27: 1803702602 | S27: Augusto Martinez | T27: 032525726 | U27: 0982025855 | V27: Madre del estudiante | W27: 0996061783 | X27: Padre | Y27: 0961023505 | Z27: Estudiante | AA27: Unidad Educativa San Pío X | AB27: 9o EGB | AD27: NO
A28: 13 | B28: angelitavizuete@yahoo.es | C28: 7o | D28: B (vespertina) | E28: Solis Vizuete | F28: Emilia Marcela | H28: 1 | I28: Piano | J28: Acosta Zagal Karolina | K28: no aplica | L28: Coro Vespertino | M28: 1850309350 | N28: 41148 | O28: 12 | P28: Vizuete Parra | Q28: Angela Gioconda | R28: 1802973170 | S28: Rudecindo Ingavelez e Ignacio Canelos | T28: 032850230 | U28: 0998036449 | V28: Madre del estudiante | W28: 0998316969 | X28: Padre | Y28: 0987972961 | Z28: otro familiar | AA28: Unidad Educativa San Pio X | AB28: 9o EGB | AD28: NO
G29: =SUM(G16:G28) -> 3 | H29: =SUM(H16:H28) -> 10
A31: No | B31: Dirección de correo electrónico | C31: Año de estudio | D31: PARALELO (señalar el mismo paralelo en el que estuvieron el año anterior) | E31: Apellidos del Estudiante (Escribir la primera letra en Mayúsculas y las demás en minúsculas. Por ejemplo Pérez López ) | F31: Nombres del Estudiante (Escribir la primera letra en Mayúsculas y las demás en minúsculas. Por ejemplo Juan José) | G31: M | H31: F | I31: Instrumento que estudia en el Conservatorio Bolívar | J31: Maestro de Instrumento | K31: Docente de piano complementario solo para estudiantes de vientos y cuerdas, no para pianistas | L31: Agrupación a la que pertenece | M31: Número de Cédula del Estudiante | N31: Fecha de Nacimiento del estudiante | O31: Edad del estudiante (solo escribir el número de la edad que tiene) | P31: Apellidos del Representante del Estudiante(Escribir la primera letra en Mayúsculas y las demás en minúsculas) | Q31: Nombres del Representante del Estudiante(Escribir la primera letra en Mayúsculas y las demás en minúsculas) | R31: Número de cédula del Representante | S31: Dirección | T31: Número telefónico convencional | U31: Número telefónico celular 1 | V31: Número telefónico celular 1 pertenece a | W31: Número telefónico celular 2 | X31: Número celular 2 pertenece a | Y31: Número telefónico celular 3 | Z31: Número celular 3 pertenece a | AA31: Institución que estudia su formación regular | AB31: Año de Estudio en su formación Regular | AC31: ¿Existe alguna alergia/enfermedad/ condición del estudiante que la institución debe tener en cuenta durante clases? Por favor en caso de no existir dejar en blanco esta sección. | AD31: Indique si su representado tiene alguna Necesidad Educativa no asociada a una discapacidad | AE31: Si respondió SI Indique cual es la necesidad educativa
A32: 1 | B32: ep3120667@gmail.com | C32: 7o | D32: C (vespertina) | E32: Aragón Peñafiel | F32: Danna Julieth | H32: 1 | I32: Piano | J32: Chicaiza Yánez Jefferson Alexander | K32: no aplica | L32: Coro Vespertino | M32: 1850114214 | N32: 40699 | O32: 14 | P32: Peñafiel Masabanda | Q32: Jessica Estefania | R32: 1804310546 | S32: Av. Manuela Sáenz | U32: 0991870361 | V32: Padre del estudiante | W32: 0961631515 | X32: Estudiante | Y32: 0995760086 | Z32: Padre | AA32: U.E Ambato | AB32: 10o EGB
A33: 2 | B33: laleyproducciones@gmail.com | C33: 7o | D33: C (vespertina) | E33: Bastidas Mangui | F33: Lemiton Oneal | G33: 1 | I33: Piano | J33: Díaz Loyola David Descartes | K33: no aplica | L33: Coro Vespertino | M33: 18502296714 | N33: 41118 | O33: 13 | P33: Bastidas Llamuca | Q33: Lemiton Vinicio | R33: 1802533743 | S33: Av.12 de Noviembre 0713 y Ayllon | T33: 2424698 | U33: 0999871137 | V33: Padre del estudiante | W33: 0992560347 | X33: Madre | Y33: 0995865907 | Z33: Estudiante | AA33: U.E.Santa Marianita de Jesus | AB33: 9o EGB | AD33: NO
A34: 3 | B34: tuespaciobellezap@gmail.com | C34: 7o | D34: C (vespertina) | E34: Guachambala Ramos | F34: Nayeli Arlette | H34: 1 | I34: Flauta Traversa | J34: Larreátegui Feijoó Inés María | K34: Fonseca Sandoval Walter Guillermo | L34: Orquesta Sinfónica Bolívar | M34: 1850318062 | N34: 41151 | O34: 12 | P34: Paola Fernanda | Q34: Ramos Gañay | R34: 1803466653 | S34: Bellavista santa rosa | U34: 0996751593 | V34: Madre del estudiante | W34: 0994005522 | X34: Estudiante | Y34: 0986911089 | Z34: Padre | AA34: Unidad educativa Suizo | AB34: 9o EGB
A35: 4 | B35: suenaquesuenamilena@gmail.com | C35: 7o | D35: C (vespertina) | E35: López Pazmiño | F35: Aily de Jesús | H35: 1 | I35: Piano | J35: Díaz Loyola David Descartes | K35: no aplica | L35: Coro Vespertino | M35: 1805642848 | N35: 40581 | O35: 14 | P35: Pazmiño Jacome | Q35: Rosa Marlene | R35: 1802340719 | S35: Huachi chico | U35: 0989494656 | V35: Madre del estudiante | W35: 0969063868 | X35: Padre | Y35: 0979273855 | Z35: otro familiar | AA35: Home global | AB35: 10o EGB | AC35: Epilepsia | AD35: NO
A36: 5 | B36: atunjaperez87@gmail.com | C36: 7o | D36: C (vespertina) | E36: Matute Tunja | F36: Damaris Renata | H36: 1 | I36: Saxofón | J36: Toapanta Arequipa Danny Alexander | K36: Fonseca Sandoval Walter Guillermo | L36: Banda Sinfónica Edison Chiluisa | M36: 1850698489 | N36: 40447 | O36: 14 | P36: Tunja Pérez | Q36: Alexandra Raquel | R36: 1803242476 | S36: Santa Rosa | U36: 0982959644 | V36: Madre del estudiante | W36: 0983055503 | X36: Estudiante | AA36: Francisco Flor | AB36: 1o Bachillerato | AC36: No | AD36: NO
A37: 6 | B37: mariaallaica2012@hotmail.es | C37: 7o | D37: C (vespertina) | E37: Pinda Allaica | F37: Misael Awki | G37: 1 | I37: Piano | J37: Acosta Zagal Karolina | K37: no aplica | L37: Coro Vespertino | M37: 1850019447 | N37: 40616 | O37: 14 | P37: Allaica Caranqui | Q37: Maria Betty | R37: 1804161881 | S37: Lavalle y Gregorio Escobedo | U37: 0992167908 | V37: Madre del estudiante | W37: 0939465917 | X37: Estudiante | Y37: 0969464069 | Z37: Padre | AA37: Unidad Educativa Guayaquil | AB37: 10o EGB | AD37: NO
A38: 7 | B38: quiledy90@gmail.com | C38: 7o | D38: C (vespertina) | E38: Quile Quinaguano | F38: Estefany Juliet | H38: 1 | I38: Guitarra | J38: Chico Espinoza Edwin Patricio | K38: Paredes Santana Marco Antonio | L38: Ensamble de Guitarras | M38: 2200702237 | N38: 40814 | O38: 14 | P38: Quinaguano Pillajo | Q38: Nancy Tatiana | R38: 2200096523 | S38: Parroquia Totoras | U38: 0997294839 | V38: Madre del estudiante | W38: 997114335 | X38: Padre | Y38: 0939798312 | Z38: Estudiante | AA38: Unidad Educativa Gonzales Suárez | AB38: 10o EGB | AD38: NO
A39: 8 | B39: riverajuanpablo550@gmail.com | C39: 7o | D39: C (vespertina) | E39: Rivera Chagmana | F39: Lizeth Anabel | H39: 1 | I39: Piano | J39: De la Cruz Changalombo Jorge Ramiro | K39: no aplica | L39: Coro Vespertino | M39: 1850323492 | N39: 40369 | O39: 15 | P39: Rivera Chisa | Q39: Juan Pablo | R39: 1805071865 | S39: Quisapincha | U39: 0984958551 | V39: Padre del estudiante | W39: 0959901339 | X39: Madre | Y39: 0939761645 | Z39: Estudiante | AA39: Unidad Educativa Rumiñahui | AB39: 1o Bachillerato | AD39: NO
A40: 9 | B40: ladytenesaca30@gmail.com | C40: 7o | D40: C (vespertina) | E40: Tenesaca Palate | F40: Lady Morelia | H40: 1 | I40: Piano | J40: Díaz Loyola David Descartes | K40: no aplica | L40: Coro Vespertino | M40: 1850916865 | N40: 40567 | O40: 14 | P40: Tenesaca Mejia | Q40: José Raúl | R40: 1803489283 | S40: Picaihua Simón Bolivar | U40: 0991932449 | V40: Padre del estudiante | W40: 0968933017 | X40: Estudiante | Y40: 0985084264 | Z40: otro familiar | AA40: Unidad Educativa Picaihua | AB40: 10o EGB | AD40: NO
A41: 10 | B41: ruthedilmaq@gmail.com | C41: 7o | D41: C (vespertina) | E41: Usulla Quilligana | F41: Mathias Alexander | G41: 1 | I41: Piano | J41: Acosta Zagal Karolina | K41: no aplica | L41: Coro Vespertino | M41: 1850028430 | N41: 40623 | O41: 14 | P41: Quilligana García | Q41: Ruth Edilma | R41: 1803608114 | S41: Joaquín Lalama y García Moreno | T41: 825939 | U41: 0979876150 | V41: Madre del estudiante | W41: 0999628579 | X41: otro familiar | Y41: 0985548395 | Z41: otro familiar | AA41: Unidad Educativa "Ambato" | AB41: 9o EGB | AD41: NO
A42: 11 | B42: micaelaashqui42@gmail.com | C42: 7o | D42: C (vespertina) | E42: Valencia Ashqui | F42: Ariel Sebastián | G42: 1 | I42: Guitarra | J42: Arias Cuenca Jorge Javier | K42: Fonseca Sandoval Walter Guillermo | L42: Ensamble de Guitarras | M42: 1850323823 | N42: 41151 | O42: 13 | P42: Ashqui Cuji | Q42: Ana Micaela | R42: 1804587010 | S42: 881 Miñarica 2 Oscar Efrén Reyes y Augusto villacres | U42: 099849758 | V42: Madre del estudiante | AA42: Mario cobo barona | AB42: 9o EGB | AD42: NO
A43: 12 | B43: mrmerydelrocio@gmail.com | C43: 7o | D43: C (vespertina) | E43: Veloz Rojas | F43: Valeria Elizabeth | H43: 1 | I43: Piano | J43: Chicaiza Orozco Marcelo Javier | K43: no aplica | L43: Coro Vespertino | M43: 1850804152 | N43: 40443 | O43: 14 | P43: Rojas Rojas | Q43: Mery del Rocio | R43: 1803870821 | S43: Asunción y Río de Janeiro | T43: 032825894 | U43: 0988284926 | V43: Madre del estudiante | W43: 0997460151 | X43: Estudiante | Y43: 0992872939 | Z43: Padre | AA43: Unidad Educativa San Pío X | AB43: 1o Bachillerato | AD43: NO
G44: =SUM(G32:G43) -> 4 | H44: =SUM(H32:H43) -> 8

Sheet 8o
